Timestamp,User Count,Type,Name,Requests/s,Failures/s,50%,66%,75%,80%,90%,95%,98%,99%,99.90%,99.99%,100%,Total Request Count,Total Failure Count,Total Median Response Time,Total Average Response Time,Total Min Response Time,Total Max Response Time,Total Average Content Size
1645660451,1,,Aggregated,0,0,1400,1400,1400,1400,1400,1400,1400,1400,1400,1400,1400,1,0,1382.707292,1382.707292,1382.707292,1382.707292,17
1645660452,1,,Aggregated,0,0,1400,1400,1400,1400,1400,1400,1400,1400,1400,1400,1400,1,0,1382.707292,1382.707292,1382.707292,1382.707292,17
1645660453,1,,Aggregated,0,0,1400,1400,1400,1400,1400,1400,1400,1400,1400,1400,1400,2,0,1344.025458,1363.366375,1344.025458,1382.707292,17
1645660454,1,,Aggregated,0,0,1400,1400,1400,1400,1400,1400,1400,1400,1400,1400,1400,2,0,1344.025458,1363.366375,1344.025458,1382.707292,17
1645660455,1,,Aggregated,0,0,1400,1400,1400,1400,1400,1400,1400,1400,1400,1400,1400,2,0,1344.025458,1363.366375,1344.025458,1382.707292,17
1645660456,1,,Aggregated,0.25,0,1400,1400,1400,1400,1400,1400,1400,1400,1400,1400,1400,3,0,1399.385542,1375.372764,1344.025458,1399.385542,17
1645660457,1,,Aggregated,0.25,0,1400,1400,1400,1400,1400,1400,1400,1400,1400,1400,1400,3,0,1399.385542,1375.372764,1344.025458,1399.385542,17
1645660458,1,,Aggregated,0.428571,0,1400,1400,1500,1500,1500,1500,1500,1500,1500,1500,1500,4,0,1400,1396.347604,1344.025458,1459.272125,17
1645660459,1,,Aggregated,0.428571,0,1400,1400,1500,1500,1500,1500,1500,1500,1500,1500,1500,4,0,1400,1396.347604,1344.025458,1459.272125,17
1645660460,1,,Aggregated,0.428571,0,1400,1400,1500,1500,1500,1500,1500,1500,1500,1500,1500,4,0,1400,1396.347604,1344.025458,1459.272125,17
1645660461,1,,Aggregated,0.333333,0,1400,1400,1400,1500,1500,1500,1500,1500,1500,1500,1500,5,0,1400,1394.865283,1344.025458,1459.272125,17
1645660462,1,,Aggregated,0.333333,0,1400,1400,1400,1500,1500,1500,1500,1500,1500,1500,1500,5,0,1400,1394.865283,1344.025458,1459.272125,17
1645660463,1,,Aggregated,0.333333,0,1400,1400,1400,1500,1500,1500,1500,1500,1500,1500,1500,5,0,1400,1394.865283,1344.025458,1459.272125,17
1645660464,1,,Aggregated,0.4,0,1400,1400,1500,1500,2400,2400,2400,2400,2400,2400,2400,6,0,1400,1557.367549,1344.025458,2369.878875,17
1645660465,1,,Aggregated,0.4,0,1400,1400,1500,1500,2400,2400,2400,2400,2400,2400,2400,6,0,1400,1557.367549,1344.025458,2369.878875,17
1645660466,1,,Aggregated,0.4,0,1400,1400,1500,1500,2400,2400,2400,2400,2400,2400,2400,6,0,1400,1557.367549,1344.025458,2369.878875,17
1645660467,1,,Aggregated,0.4,0,1400,1500,2200,2200,2400,2400,2400,2400,2400,2400,2400,7,0,1400,1653.465244,1344.025458,2369.878875,17
1645660468,1,,Aggregated,0.4,0,1400,1500,2200,2200,2400,2400,2400,2400,2400,2400,2400,7,0,1400,1653.465244,1344.025458,2369.878875,17
1645660469,1,,Aggregated,0.3,0,1400,1500,2200,2200,2400,2400,2400,2400,2400,2400,2400,8,0,1400,1618.148896,1344.025458,2369.878875,17
1645660470,1,,Aggregated,0.3,0,1400,1500,2200,2200,2400,2400,2400,2400,2400,2400,2400,8,0,1400,1618.148896,1344.025458,2369.878875,17
1645660471,1,,Aggregated,0.3,0,1400,1500,2200,2200,2400,2400,2400,2400,2400,2400,2400,8,0,1400,1618.148896,1344.025458,2369.878875,17
1645660472,1,,Aggregated,0.3,0,1400,1500,2200,2200,2400,2400,2400,2400,2400,2400,2400,8,0,1400,1618.148896,1344.025458,2369.878875,17
1645660473,1,,Aggregated,0.4,0,1400,1500,2100,2200,2400,2400,2400,2400,2400,2400,2400,9,0,1400,1669.678945,1344.025458,2369.878875,17
1645660474,1,,Aggregated,0.4,0,1400,1500,2100,2200,2400,2400,2400,2400,2400,2400,2400,9,0,1400,1669.678945,1344.025458,2369.878875,17
1645660475,1,,Aggregated,0.4,0,1400,1500,2100,2200,2400,2400,2400,2400,2400,2400,2400,10,0,1400,1637.392679,1344.025458,2369.878875,17
1645660476,1,,Aggregated,0.4,0,1400,1500,2100,2200,2400,2400,2400,2400,2400,2400,2400,10,0,1400,1637.392679,1344.025458,2369.878875,17
1645660477,1,,Aggregated,0.4,0,1400,1500,2100,2200,2400,2400,2400,2400,2400,2400,2400,10,0,1400,1637.392679,1344.025458,2369.878875,17
1645660478,1,,Aggregated,0.4,0,1400,2100,2100,2100,2200,2400,2400,2400,2400,2400,2400,11,0,1400,1678.380587,1344.025458,2369.878875,17
1645660479,1,,Aggregated,0.4,0,1400,2100,2100,2100,2200,2400,2400,2400,2400,2400,2400,11,0,1400,1678.380587,1344.025458,2369.878875,17
1645660480,1,,Aggregated,0.3,0,1500,1500,2100,2100,2200,2400,2400,2400,2400,2400,2400,12,0,1400,1665.740608,1344.025458,2369.878875,17
1645660481,1,,Aggregated,0.3,0,1500,1500,2100,2100,2200,2400,2400,2400,2400,2400,2400,12,0,1400,1665.740608,1344.025458,2369.878875,17
1645660482,1,,Aggregated,0.3,0,1500,1500,2100,2100,2200,2400,2400,2400,2400,2400,2400,12,0,1400,1665.740608,1344.025458,2369.878875,17
1645660483,1,,Aggregated,0.4,0,1500,1500,2100,2100,2200,2400,2400,2400,2400,2400,2400,13,0,1500,1649.591115,1344.025458,2369.878875,17
1645660484,1,,Aggregated,0.4,0,1500,1500,2100,2100,2200,2400,2400,2400,2400,2400,2400,13,0,1500,1649.591115,1344.025458,2369.878875,17
1645660485,1,,Aggregated,0.3,0,1500,1500,2100,2100,2200,2400,2400,2400,2400,2400,2400,14,0,1400,1627.428378,1339.312792,2369.878875,17
1645660486,1,,Aggregated,0.3,0,1500,1500,2100,2100,2200,2400,2400,2400,2400,2400,2400,14,0,1400,1627.428378,1339.312792,2369.878875,17
1645660487,1,,Aggregated,0.3,0,1500,1500,2100,2100,2200,2400,2400,2400,2400,2400,2400,14,0,1400,1627.428378,1339.312792,2369.878875,17
1645660488,1,,Aggregated,0.4,0,1400,1500,2100,2100,2200,2400,2400,2400,2400,2400,2400,15,0,1400,1610.704858,1339.312792,2369.878875,17
1645660489,1,,Aggregated,0.4,0,1400,1500,2100,2100,2200,2400,2400,2400,2400,2400,2400,15,0,1400,1610.704858,1339.312792,2369.878875,17
1645660490,1,,Aggregated,0.4,0,1400,1500,2100,2100,2200,2400,2400,2400,2400,2400,2400,16,0,1400,1595.875594,1339.312792,2369.878875,17
1645660491,1,,Aggregated,0.4,0,1400,1500,2100,2100,2200,2400,2400,2400,2400,2400,2400,16,0,1400,1595.875594,1339.312792,2369.878875,17
1645660492,1,,Aggregated,0.4,0,1400,1500,1500,2100,2200,2400,2400,2400,2400,2400,2400,17,0,1400,1583.957316,1339.312792,2369.878875,17
1645660493,1,,Aggregated,0.4,0,1400,1500,1500,2100,2200,2400,2400,2400,2400,2400,2400,17,0,1400,1583.957316,1339.312792,2369.878875,17
1645660494,1,,Aggregated,0.4,0,1400,1500,1500,2100,2200,2400,2400,2400,2400,2400,2400,17,0,1400,1583.957316,1339.312792,2369.878875,17
1645660495,1,,Aggregated,0.4,0,1400,1500,1500,2100,2200,2400,2400,2400,2400,2400,2400,17,0,1400,1583.957316,1339.312792,2369.878875,17
1645660496,1,,Aggregated,0.4,0,1400,1500,1500,2100,2200,2400,2400,2400,2400,2400,2400,17,0,1400,1583.957316,1339.312792,2369.878875,17
1645660497,1,,Aggregated,0.4,0,1400,1500,1500,2100,2200,2400,2400,2400,2400,2400,2400,17,0,1400,1583.957316,1339.312792,2369.878875,17
1645660498,1,,Aggregated,0.4,0,1400,1500,1500,2100,2200,2400,2400,2400,2400,2400,2400,17,0,1400,1583.957316,1339.312792,2369.878875,17
1645660499,1,,Aggregated,0.4,0,1400,1500,1500,2100,2200,2400,2400,2400,2400,2400,2400,17,0,1400,1583.957316,1339.312792,2369.878875,17
1645660500,1,,Aggregated,0.3,0,1400,1500,2100,2100,2400,7000,7000,7000,7000,7000,7000,18,0,1400,1883.760107,1339.312792,6980.407542,17
1645660501,1,,Aggregated,0.3,0,1400,1500,2100,2100,2400,7000,7000,7000,7000,7000,7000,18,0,1400,1883.760107,1339.312792,6980.407542,17
1645660502,1,,Aggregated,0.2,0,1400,1500,2100,2100,2400,7000,7000,7000,7000,7000,7000,19,0,1400,1823.285305,734.738875,6980.407542,17
1645660503,1,,Aggregated,0.2,0,1400,1500,2100,2100,2400,7000,7000,7000,7000,7000,7000,20,0,1400,1748.603163,329.642458,6980.407542,17
1645660504,1,,Aggregated,0.2,0,1400,1500,2100,2100,2400,7000,7000,7000,7000,7000,7000,20,0,1400,1748.603163,329.642458,6980.407542,17
1645660505,1,,Aggregated,0.2,0,1400,1500,1500,2100,2200,2400,7000,7000,7000,7000,7000,21,0,1400,1678.66971,280.000667,6980.407542,17
1645660506,1,,Aggregated,0.2,0,1400,1500,1500,2100,2200,2400,7000,7000,7000,7000,7000,21,0,1400,1678.66971,280.000667,6980.407542,17
1645660507,1,,Aggregated,0.3,0,1400,1500,1500,2100,2200,2400,7000,7000,7000,7000,7000,22,0,1400,1664.963224,280.000667,6980.407542,17
1645660508,1,,Aggregated,0.3,0,1400,1500,1500,2100,2200,2400,7000,7000,7000,7000,7000,22,0,1400,1664.963224,280.000667,6980.407542,17
1645660509,1,,Aggregated,0.4,0,1400,1500,1500,2100,2200,2400,7000,7000,7000,7000,7000,23,0,1400,1651.025658,280.000667,6980.407542,17
1645660510,1,,Aggregated,0.4,0,1400,1500,1500,2100,2200,2400,7000,7000,7000,7000,7000,23,0,1400,1651.025658,280.000667,6980.407542,17
1645660511,1,,Aggregated,0.4,0,1400,1500,1500,2100,2200,2400,7000,7000,7000,7000,7000,23,0,1400,1651.025658,280.000667,6980.407542,17
1645660513,1,,Aggregated,0.6,0,1400,1400,1500,2100,2200,2400,7000,7000,7000,7000,7000,24,0,1400,1638.885283,280.000667,6980.407542,17
1645660514,1,,Aggregated,0.6,0,1400,1400,1500,2100,2200,2400,7000,7000,7000,7000,7000,24,0,1400,1638.885283,280.000667,6980.407542,17
1645660515,1,,Aggregated,0.5,0,1400,1400,1500,2100,2200,2400,7000,7000,7000,7000,7000,25,0,1400,1626.777027,280.000667,6980.407542,17
1645660516,1,,Aggregated,0.5,0,1400,1400,1500,2100,2200,2400,7000,7000,7000,7000,7000,25,0,1400,1626.777027,280.000667,6980.407542,17
1645660517,1,,Aggregated,0.4,0,1400,1400,1500,1500,2200,2400,7000,7000,7000,7000,7000,26,0,1400,1615.902191,280.000667,6980.407542,17
1645660518,1,,Aggregated,0.4,0,1400,1400,1500,1500,2200,2400,7000,7000,7000,7000,7000,26,0,1400,1615.902191,280.000667,6980.407542,17
1645660519,1,,Aggregated,0.4,0,1400,1400,1500,1500,2200,2400,7000,7000,7000,7000,7000,26,0,1400,1615.902191,280.000667,6980.407542,17
1645660520,1,,Aggregated,0.5,0,1400,1400,1500,1500,2200,2400,7000,7000,7000,7000,7000,27,0,1400,1605.979262,280.000667,6980.407542,17
1645660521,1,,Aggregated,0.5,0,1400,1400,1500,1500,2200,2400,7000,7000,7000,7000,7000,27,0,1400,1605.979262,280.000667,6980.407542,17
1645660522,1,,Aggregated,0.5,0,1400,1400,1500,1500,2200,2400,7000,7000,7000,7000,7000,27,0,1400,1605.979262,280.000667,6980.407542,17
1645660523,1,,Aggregated,0.4,0,1400,1400,1500,1800,2200,2400,7000,7000,7000,7000,7000,28,0,1400,1611.231848,280.000667,6980.407542,17
1645660524,1,,Aggregated,0.4,0,1400,1400,1500,1800,2200,2400,7000,7000,7000,7000,7000,28,0,1400,1611.231848,280.000667,6980.407542,17
1645660525,1,,Aggregated,0.4,0,1400,1400,1500,1800,2200,2400,7000,7000,7000,7000,7000,28,0,1400,1611.231848,280.000667,6980.407542,17
1645660526,1,,Aggregated,0.4,0,1400,1500,1500,2100,2400,2600,7000,7000,7000,7000,7000,29,0,1400,1645.942535,280.000667,6980.407542,17
1645660527,1,,Aggregated,0.4,0,1400,1500,1500,2100,2400,2600,7000,7000,7000,7000,7000,29,0,1400,1645.942535,280.000667,6980.407542,17
1645660528,1,,Aggregated,0.3,0,1400,1400,1500,2100,2400,2600,7000,7000,7000,7000,7000,30,0,1400,1613.10059,280.000667,6980.407542,17
1645660529,1,,Aggregated,0.3,0,1400,1400,1500,2100,2400,2600,7000,7000,7000,7000,7000,30,0,1400,1613.10059,280.000667,6980.407542,17
1645660530,1,,Aggregated,0.3,0,1400,1400,1500,2100,2400,2600,7000,7000,7000,7000,7000,30,0,1400,1613.10059,280.000667,6980.407542,17
1645660531,1,,Aggregated,0.3,0,1400,1400,1500,2100,2400,2600,7000,7000,7000,7000,7000,30,0,1400,1613.10059,280.000667,6980.407542,17
1645660532,1,,Aggregated,0.3,0,1400,1400,1500,2100,2400,2600,7000,7000,7000,7000,7000,30,0,1400,1613.10059,280.000667,6980.407542,17
1645660533,1,,Aggregated,0.3,0,1400,1400,1500,2100,2400,2600,7000,7000,7000,7000,7000,30,0,1400,1613.10059,280.000667,6980.407542,17
1645660534,1,,Aggregated,0.3,0,1400,1400,1500,2100,2400,2600,7000,7000,7000,7000,7000,30,0,1400,1613.10059,280.000667,6980.407542,17
1645660535,1,,Aggregated,0.3,0,1400,1400,1500,2100,2400,2600,7000,7000,7000,7000,7000,30,0,1400,1613.10059,280.000667,6980.407542,17
1645660536,1,,Aggregated,0.3,0,1400,1400,1500,2100,2400,2600,7000,7000,7000,7000,7000,30,0,1400,1613.10059,280.000667,6980.407542,17
1645660537,1,,Aggregated,0.3,0,1400,1400,1500,2100,2400,2600,7000,7000,7000,7000,7000,30,0,1400,1613.10059,280.000667,6980.407542,17
1645660538,1,,Aggregated,0.3,0,1400,1400,1500,2100,2400,2600,7000,7000,7000,7000,7000,30,0,1400,1613.10059,280.000667,6980.407542,17
1645660539,1,,Aggregated,0.1,0,1400,1500,1800,2100,2400,7000,10000,10000,10000,10000,10000,31,0,1400,1888.76263,280.000667,10158.62383,17
1645660540,1,,Aggregated,0.1,0,1400,1500,1800,2100,2400,7000,10000,10000,10000,10000,10000,31,0,1400,1888.76263,280.000667,10158.62383,17
1645660541,1,,Aggregated,0,0,1400,1500,1800,2100,2400,7000,10000,10000,10000,10000,10000,32,0,1400,1847.722863,280.000667,10158.62383,17
1645660542,1,,Aggregated,0.1,0,1400,1400,1500,2100,2400,7000,10000,10000,10000,10000,10000,33,0,1400,1816.403404,280.000667,10158.62383,17
1645660543,1,,Aggregated,0.1,0,1400,1400,1500,2100,2400,7000,10000,10000,10000,10000,10000,33,0,1400,1816.403404,280.000667,10158.62383,17
1645660544,1,,Aggregated,0.2,0,1400,1400,1500,2100,2400,7000,10000,10000,10000,10000,10000,34,0,1400,1772.881034,280.000667,10158.62383,17
1645660545,1,,Aggregated,0.3,0,1400,1400,1500,2100,2400,7000,10000,10000,10000,10000,10000,35,0,1400,1731.341365,280.000667,10158.62383,17
1645660546,1,,Aggregated,0.3,0,1400,1400,1500,1800,2400,7000,10000,10000,10000,10000,10000,36,0,1400,1692.35408,280.000667,10158.62383,17
1645660547,1,,Aggregated,0.3,0,1400,1400,1500,1800,2400,7000,10000,10000,10000,10000,10000,36,0,1400,1692.35408,280.000667,10158.62383,17
1645660548,1,,Aggregated,0.5,0,1400,1400,1500,1800,2400,7000,10000,10000,10000,10000,10000,37,0,1400,1654.310569,280.000667,10158.62383,17
1645660549,1,,Aggregated,0.6,0,1400,1400,1500,1800,2400,7000,10000,10000,10000,10000,10000,38,0,1400,1618.37197,280.000667,10158.62383,17
1645660550,1,,Aggregated,0.6,0,1400,1400,1500,1800,2400,7000,10000,10000,10000,10000,10000,39,0,1400,1584.783794,280.000667,10158.62383,17
1645660551,1,,Aggregated,0.7,0,1400,1400,1500,1800,2400,7000,10000,10000,10000,10000,10000,40,0,1300,1551.82669,266.499625,10158.62383,17
1645660552,1,,Aggregated,0.7,0,1400,1400,1500,1800,2400,7000,10000,10000,10000,10000,10000,40,0,1300,1551.82669,266.499625,10158.62383,17
1645660553,1,,Aggregated,0.8,0,1300,1400,1500,1500,2200,2600,10000,10000,10000,10000,10000,41,0,1300,1522.930996,266.499625,10158.62383,17
1645660554,1,,Aggregated,0.7,0,1300,1400,1500,1500,2200,2600,10000,10000,10000,10000,10000,42,0,1300,1493.46493,266.499625,10158.62383,17
1645660555,1,,Aggregated,0.8,0,1300,1400,1500,1500,2200,2600,10000,10000,10000,10000,10000,43,0,1300,1464.831092,262.209917,10158.62383,17
1645660556,1,,Aggregated,0.8,0,1300,1400,1500,1500,2200,2600,10000,10000,10000,10000,10000,43,0,1300,1464.831092,262.209917,10158.62383,17
1645660557,1,,Aggregated,0.8,0,1300,1400,1500,1500,2200,2600,10000,10000,10000,10000,10000,44,0,1300,1437.671433,262.209917,10158.62383,17
1645660558,1,,Aggregated,0.7,0,1300,1400,1400,1500,2200,2600,10000,10000,10000,10000,10000,45,0,1300,1414.642196,262.209917,10158.62383,17
1645660559,1,,Aggregated,0.8,0,1300,1400,1400,1500,2200,2600,10000,10000,10000,10000,10000,46,0,1300,1391.260176,262.209917,10158.62383,17
1645660560,1,,Aggregated,0.8,0,1300,1400,1400,1500,2200,2600,10000,10000,10000,10000,10000,46,0,1300,1391.260176,262.209917,10158.62383,17
1645660561,1,,Aggregated,0.8,0,1300,1400,1400,1500,2200,2600,10000,10000,10000,10000,10000,47,0,1300,1370.601451,262.209917,10158.62383,17
1645660562,1,,Aggregated,0.8,0,1300,1400,1400,1500,2200,2600,10000,10000,10000,10000,10000,47,0,1300,1370.601451,262.209917,10158.62383,17
1645660563,1,,Aggregated,0.8,0,1300,1400,1400,1500,2200,2600,10000,10000,10000,10000,10000,47,0,1300,1370.601451,262.209917,10158.62383,17
1645660564,1,,Aggregated,0.8,0,1300,1400,1500,1500,2200,2600,10000,10000,10000,10000,10000,48,0,1300,1377.569226,262.209917,10158.62383,17
1645660565,1,,Aggregated,0.8,0,1300,1400,1500,1500,2200,2600,10000,10000,10000,10000,10000,48,0,1300,1377.569226,262.209917,10158.62383,17
1645660566,1,,Aggregated,0.6,0,1300,1400,1500,1600,2200,2600,10000,10000,10000,10000,10000,49,0,1300,1383.019971,262.209917,10158.62383,17
1645660567,1,,Aggregated,0.6,0,1300,1400,1500,1600,2200,2600,10000,10000,10000,10000,10000,49,0,1300,1383.019971,262.209917,10158.62383,17
1645660568,1,,Aggregated,0.6,0,1300,1400,1500,1600,2200,2600,10000,10000,10000,10000,10000,49,0,1300,1383.019971,262.209917,10158.62383,17
1645660569,1,,Aggregated,0.6,0,1300,1400,1500,1600,2200,2600,10000,10000,10000,10000,10000,49,0,1300,1383.019971,262.209917,10158.62383,17
1645660570,1,,Aggregated,0.6,0,1300,1400,1500,1600,2200,2600,10000,10000,10000,10000,10000,49,0,1300,1383.019971,262.209917,10158.62383,17
1645660571,5,,Aggregated,0.6,0,1300,1400,1500,1600,2200,2600,10000,10000,10000,10000,10000,49,0,1300,1383.019971,262.209917,10158.62383,17
1645660572,5,,Aggregated,0.6,0,1300,1400,1500,1600,2200,2600,10000,10000,10000,10000,10000,49,0,1300,1383.019971,262.209917,10158.62383,17
1645660573,5,,Aggregated,0.6,0,1300,1400,1500,1600,2200,2600,10000,10000,10000,10000,10000,49,0,1300,1383.019971,262.209917,10158.62383,17
1645660574,5,,Aggregated,0.6,0,1300,1400,1500,1600,2200,2600,10000,10000,10000,10000,10000,49,0,1300,1383.019971,262.209917,10158.62383,17
1645660575,5,,Aggregated,0.6,0,1300,1400,1500,1600,2200,2600,10000,10000,10000,10000,10000,49,0,1300,1383.019971,262.209917,10158.62383,17
1645660576,5,,Aggregated,0.6,0,1300,1400,1500,1600,2200,2600,10000,10000,10000,10000,10000,49,0,1300,1383.019971,262.209917,10158.62383,17
1645660577,5,,Aggregated,0.6,0,1300,1400,1500,1600,2200,2600,10000,10000,10000,10000,10000,49,0,1300,1383.019971,262.209917,10158.62383,17
1645660578,5,,Aggregated,0,0,1300,1400,1500,1700,2400,7000,11000,11000,11000,11000,11000,50,0,1300,1581.371471,262.209917,11300.59496,17
1645660579,5,,Aggregated,0,0,1400,1400,1700,2100,7900,8200,10000,11000,11000,11000,11000,54,0,1300,2059.122951,262.209917,11300.59496,17
1645660580,5,,Aggregated,0,0,1300,1400,1600,2100,7900,8200,10000,11000,11000,11000,11000,58,0,1300,1951.011348,262.209917,11300.59496,17
1645660581,5,,Aggregated,0.5,0,1300,1400,1600,2100,7900,8200,10000,11000,11000,11000,11000,59,0,1300,1939.668987,262.209917,11300.59496,17
1645660582,5,,Aggregated,0.6,0,1300,1400,1500,1800,7000,8100,10000,11000,11000,11000,11000,63,0,1300,1869.977563,262.209917,11300.59496,17
1645660583,5,,Aggregated,0.6,0,1300,1400,1500,1800,7000,8100,10000,11000,11000,11000,11000,63,0,1300,1869.977563,262.209917,11300.59496,17
1645660584,5,,Aggregated,0.6,0,1300,1400,1500,1800,7000,8100,10000,11000,11000,11000,11000,63,0,1300,1869.977563,262.209917,11300.59496,17
1645660585,5,,Aggregated,0.6,0,1300,1400,1500,1800,7000,8100,10000,11000,11000,11000,11000,63,0,1300,1869.977563,262.209917,11300.59496,17
1645660586,5,,Aggregated,0.6,0,1300,1400,1500,1800,7000,8100,10000,11000,11000,11000,11000,63,0,1300,1869.977563,262.209917,11300.59496,17
1645660587,5,,Aggregated,0.6,0,1300,1400,1500,1800,7000,8100,10000,11000,11000,11000,11000,63,0,1300,1869.977563,262.209917,11300.59496,17
1645660588,5,,Aggregated,0.6,0,1300,1400,1500,1800,7000,8100,10000,11000,11000,11000,11000,63,0,1300,1869.977563,262.209917,11300.59496,17
1645660589,5,,Aggregated,0.6,0,1300,1400,1500,1800,7000,8100,10000,11000,11000,11000,11000,63,0,1300,1869.977563,262.209917,11300.59496,17
1645660590,5,,Aggregated,0.6,0,1300,1400,1500,1800,7000,8100,10000,11000,11000,11000,11000,63,0,1300,1869.977563,262.209917,11300.59496,17
1645660591,5,,Aggregated,0.6,0,1300,1400,1500,1800,7000,8100,10000,11000,11000,11000,11000,63,0,1300,1869.977563,262.209917,11300.59496,17
1645660592,5,,Aggregated,0.6,0,1300,1400,1500,1800,7000,8100,10000,11000,11000,11000,11000,63,0,1300,1869.977563,262.209917,11300.59496,17
1645660593,5,,Aggregated,0.6,0,1300,1400,1500,1800,7000,8100,10000,11000,11000,11000,11000,63,0,1300,1869.977563,262.209917,11300.59496,17
1645660594,5,,Aggregated,0.6,0,1300,1400,1500,1800,7000,8100,10000,11000,11000,11000,11000,63,0,1300,1869.977563,262.209917,11300.59496,17
1645660595,5,,Aggregated,0.6,0,1300,1400,1500,1800,7000,8100,10000,11000,11000,11000,11000,63,0,1300,1869.977563,262.209917,11300.59496,17
1645660596,5,,Aggregated,0.6,0,1300,1400,1500,1800,7000,8100,10000,11000,11000,11000,11000,63,0,1300,1869.977563,262.209917,11300.59496,17
1645660597,5,,Aggregated,0.6,0,1300,1400,1500,1800,7000,8100,10000,11000,11000,11000,11000,63,0,1300,1869.977563,262.209917,11300.59496,17
1645660598,5,,Aggregated,0.6,0,1300,1400,1500,1800,7000,8100,10000,11000,11000,11000,11000,63,0,1300,1869.977563,262.209917,11300.59496,17
1645660599,5,,Aggregated,0.6,0,1300,1400,1500,1800,7000,8100,10000,11000,11000,11000,11000,63,0,1300,1869.977563,262.209917,11300.59496,17
1645660600,5,,Aggregated,0.6,0,1300,1400,1500,1800,7000,8100,10000,11000,11000,11000,11000,63,0,1300,1869.977563,262.209917,11300.59496,17
1645660601,5,,Aggregated,0.6,0,1300,1400,1500,1800,7000,8100,10000,11000,11000,11000,11000,63,0,1300,1869.977563,262.209917,11300.59496,17
1645660602,5,,Aggregated,0.6,0,1300,1400,1500,1800,7000,8100,10000,11000,11000,11000,11000,63,0,1300,1869.977563,262.209917,11300.59496,17
1645660603,5,,Aggregated,0.6,0,1300,1400,1500,1800,7000,8100,10000,11000,11000,11000,11000,63,0,1300,1869.977563,262.209917,11300.59496,17
1645660604,5,,Aggregated,0.6,0,1300,1400,1500,1800,7000,8100,10000,11000,11000,11000,11000,63,0,1300,1869.977563,262.209917,11300.59496,17
1645660605,5,,Aggregated,0.6,0,1300,1400,1500,1800,7000,8100,10000,11000,11000,11000,11000,63,0,1300,1869.977563,262.209917,11300.59496,17
1645660606,5,,Aggregated,0.6,0,1300,1400,1500,1800,7000,8100,10000,11000,11000,11000,11000,63,0,1300,1869.977563,262.209917,11300.59496,17
1645660607,5,,Aggregated,0.6,0,1300,1400,1500,1800,7000,8100,10000,11000,11000,11000,11000,63,0,1300,1869.977563,262.209917,11300.59496,17
1645660608,5,,Aggregated,0.6,0,1300,1400,1500,1800,7000,8100,10000,11000,11000,11000,11000,63,0,1300,1869.977563,262.209917,11300.59496,17
1645660609,5,,Aggregated,0.6,0,1300,1400,1500,1800,7000,8100,10000,11000,11000,11000,11000,63,0,1300,1869.977563,262.209917,11300.59496,17
1645660610,5,,Aggregated,0.6,0,1300,1400,1500,1800,7000,8100,10000,11000,11000,11000,11000,63,0,1300,1869.977563,262.209917,11300.59496,17
1645660611,5,,Aggregated,0.6,0,1300,1400,1500,1800,7000,8100,10000,11000,11000,11000,11000,63,0,1300,1869.977563,262.209917,11300.59496,17
1645660612,5,,Aggregated,0.6,0,1300,1400,1500,1800,7000,8100,10000,11000,11000,11000,11000,63,0,1300,1869.977563,262.209917,11300.59496,17
1645660613,5,,Aggregated,0.6,0,1300,1400,1500,1800,7000,8100,10000,11000,11000,11000,11000,63,0,1300,1869.977563,262.209917,11300.59496,17
1645660614,5,,Aggregated,0.6,0,1300,1400,1500,1800,7000,8100,10000,11000,11000,11000,11000,63,0,1300,1869.977563,262.209917,11300.59496,17
1645660615,5,,Aggregated,0.6,0,1300,1400,1500,1800,7000,8100,10000,11000,11000,11000,11000,63,0,1300,1869.977563,262.209917,11300.59496,17
1645660616,5,,Aggregated,0.6,0,1300,1400,1500,1800,7000,8100,10000,11000,11000,11000,11000,63,0,1300,1869.977563,262.209917,11300.59496,17
1645660617,5,,Aggregated,0.6,0,1300,1400,1500,1800,7000,8100,10000,11000,11000,11000,11000,63,0,1300,1869.977563,262.209917,11300.59496,17
1645660618,5,,Aggregated,0.6,0,1300,1400,1500,1800,7000,8100,10000,11000,11000,11000,11000,63,0,1300,1869.977563,262.209917,11300.59496,17
1645660619,5,,Aggregated,0.6,0,1300,1400,1500,1800,7000,8100,10000,11000,11000,11000,11000,63,0,1300,1869.977563,262.209917,11300.59496,17
1645660620,5,,Aggregated,0.6,0,1300,1400,1500,1800,7000,8100,10000,11000,11000,11000,11000,63,0,1300,1869.977563,262.209917,11300.59496,17
1645660621,5,,Aggregated,0.6,0,1300,1400,1500,1800,7000,8100,10000,11000,11000,11000,11000,63,0,1300,1869.977563,262.209917,11300.59496,17
1645660622,5,,Aggregated,0.6,0,1300,1400,1500,1800,7000,8100,10000,11000,11000,11000,11000,63,0,1300,1869.977563,262.209917,11300.59496,17
1645660623,5,,Aggregated,0.6,0,1300,1400,1500,1800,7000,8100,10000,11000,11000,11000,11000,63,0,1300,1869.977563,262.209917,11300.59496,17
1645660624,5,,Aggregated,0.6,0,1300,1400,1500,1800,7000,8100,10000,11000,11000,11000,11000,63,0,1300,1869.977563,262.209917,11300.59496,17
1645660625,5,,Aggregated,0.6,0,1300,1400,1500,1800,7000,8100,10000,11000,11000,11000,11000,63,0,1300,1869.977563,262.209917,11300.59496,17
1645660626,5,,Aggregated,0.6,0,1300,1400,1500,1800,7000,8100,10000,11000,11000,11000,11000,63,0,1300,1869.977563,262.209917,11300.59496,17
1645660627,5,,Aggregated,0.6,0,1300,1400,1500,1800,7000,8100,10000,11000,11000,11000,11000,63,0,1300,1869.977563,262.209917,11300.59496,17
1645660628,5,,Aggregated,0.6,0,1300,1400,1500,1800,7000,8100,10000,11000,11000,11000,11000,63,0,1300,1869.977563,262.209917,11300.59496,17
1645660629,5,,Aggregated,0.6,0,1300,1400,1500,1800,7000,8100,10000,11000,11000,11000,11000,63,0,1300,1869.977563,262.209917,11300.59496,17
1645660630,5,,Aggregated,0,0,1300,1400,1600,2100,7900,8200,11000,47000,47000,47000,47000,64,0,1300,2572.121111,262.209917,46807.16458,17
1645660631,5,,Aggregated,0,0,1300,1400,1600,2100,7900,8200,11000,47000,47000,47000,47000,64,0,1300,2572.121111,262.209917,46807.16458,17
1645660632,5,,Aggregated,0,0,1300,1400,1600,2100,8000,10000,47000,49000,49000,49000,49000,65,0,1300,3286.326131,262.209917,48995.44746,17
1645660633,5,,Aggregated,0.1,0,1300,1400,1700,2100,8000,10000,47000,49000,49000,49000,49000,66,0,1300,3269.507343,262.209917,48995.44746,17
1645660634,5,,Aggregated,0.2,0,1300,1400,1800,2200,8100,11000,49000,52000,52000,52000,52000,67,0,1300,3994.136642,262.209917,51819.67038,17
1645660635,5,,Aggregated,0.2,0,1300,1400,1800,2200,8100,11000,49000,52000,52000,52000,52000,67,0,1300,3994.136642,262.209917,51819.67038,17
1645660636,5,,Aggregated,0.2,0,1300,1400,2100,2200,8100,11000,49000,52000,52000,52000,52000,68,0,1300,3977.321246,262.209917,51819.67038,17
1645660637,5,,Aggregated,0.4,0,1300,1500,2100,2400,8100,11000,49000,52000,52000,52000,52000,69,0,1300,3965.740187,262.209917,51819.67038,17
1645660638,5,,Aggregated,0.5,0,1300,1500,2100,2600,8100,11000,49000,52000,52000,52000,52000,70,0,1300,3952.041651,262.209917,51819.67038,17
1645660639,5,,Aggregated,0.5,0,1300,1500,2100,2600,8100,11000,49000,52000,52000,52000,52000,70,0,1300,3952.041651,262.209917,51819.67038,17
1645660640,5,,Aggregated,0.5,0,1300,1500,2200,2600,8000,11000,49000,52000,52000,52000,52000,71,0,1300,3937.730693,262.209917,51819.67038,17
1645660641,5,,Aggregated,0.5,0,1300,1500,2200,2600,8000,11000,49000,52000,52000,52000,52000,71,0,1300,3937.730693,262.209917,51819.67038,17
1645660642,5,,Aggregated,0.7,0,1400,1600,2200,2900,8100,47000,52000,59000,59000,59000,59000,73,0,1400,4687.843857,262.209917,58946.73392,17
1645660643,5,,Aggregated,0.7,0,1400,1600,2400,3000,8100,47000,52000,59000,59000,59000,59000,74,0,1400,4679.088421,262.209917,58946.73392,17
1645660644,5,,Aggregated,0.7,0,1400,1600,2400,3000,8100,47000,52000,59000,59000,59000,59000,74,0,1400,4679.088421,262.209917,58946.73392,17
1645660645,5,,Aggregated,0.8,0,1400,1700,2600,3200,8100,47000,52000,59000,59000,59000,59000,75,0,1400,4672.051619,262.209917,58946.73392,17
1645660646,5,,Aggregated,0.8,0,1400,1700,2600,3200,8100,47000,52000,59000,59000,59000,59000,75,0,1400,4672.051619,262.209917,58946.73392,17
1645660647,5,,Aggregated,0.8,0,1400,1800,2900,3200,8100,47000,52000,59000,59000,59000,59000,76,0,1400,4662.137241,262.209917,58946.73392,17
1645660648,5,,Aggregated,0.7,0,1400,2100,2900,3700,8200,49000,59000,66000,66000,66000,66000,78,0,1400,5435.470991,262.209917,66153.56375,17
1645660649,5,,Aggregated,0.8,0,1400,2100,3000,3700,8200,49000,59000,66000,66000,66000,66000,79,0,1400,5411.778081,262.209917,66153.56375,17
1645660650,5,,Aggregated,0.8,0,1400,2100,3000,3700,8200,49000,59000,66000,66000,66000,66000,79,0,1400,5411.778081,262.209917,66153.56375,17
1645660651,5,,Aggregated,0.7,0,1400,2100,3000,3700,8200,49000,59000,66000,66000,66000,66000,80,0,1400,5379.236059,262.209917,66153.56375,17
1645660652,5,,Aggregated,0.8,0,1400,2200,3000,3700,8200,47000,59000,66000,66000,66000,66000,81,0,1400,5426.715293,262.209917,66153.56375,17
1645660653,5,,Aggregated,0.9,0,1400,2200,3200,3900,8200,47000,59000,66000,66000,66000,66000,82,0,1400,5411.65626,262.209917,66153.56375,17
1645660654,5,,Aggregated,0.8,0,1400,2200,3500,4000,8200,47000,59000,66000,66000,66000,66000,83,0,1400,5410.618403,262.209917,66153.56375,17
1645660655,5,,Aggregated,0.8,0,1400,2200,3500,4000,8200,47000,59000,66000,66000,66000,66000,83,0,1400,5410.618403,262.209917,66153.56375,17
1645660656,5,,Aggregated,0.8,0,1400,2400,3600,4200,8200,47000,59000,66000,66000,66000,66000,84,0,1400,5409.861904,262.209917,66153.56375,17
1645660657,5,,Aggregated,0.8,0,1400,2400,3600,4200,8200,47000,59000,66000,66000,66000,66000,84,0,1400,5409.861904,262.209917,66153.56375,17
1645660658,5,,Aggregated,0.8,0,1400,2400,3600,4200,8200,47000,59000,66000,66000,66000,66000,84,0,1400,5409.861904,262.209917,66153.56375,17
1645660659,5,,Aggregated,0.8,0,1400,2600,3600,4200,8200,47000,59000,66000,66000,66000,66000,85,0,1400,5439.233134,262.209917,66153.56375,17
1645660660,5,,Aggregated,0.8,0,1400,2600,3600,4200,8200,47000,59000,66000,66000,66000,66000,85,0,1400,5439.233134,262.209917,66153.56375,17
1645660661,5,,Aggregated,0.8,0,1400,2600,3700,4200,8200,47000,59000,66000,66000,66000,66000,87,0,1400,5408.270355,262.209917,66153.56375,17
1645660662,5,,Aggregated,0.6,0,1400,2600,3700,5300,8200,47000,59000,66000,66000,66000,66000,90,0,1400,5323.905515,262.209917,66153.56375,17
1645660663,5,,Aggregated,0.7,0,1400,2600,3700,5300,8100,47000,59000,66000,66000,66000,66000,94,0,1400,5195.001223,262.209917,66153.56375,17
1645660664,5,,Aggregated,0.7,0,1400,2600,3700,5300,8100,47000,59000,66000,66000,66000,66000,94,0,1400,5195.001223,262.209917,66153.56375,17
1645660665,5,,Aggregated,0.7,0,1400,2600,3700,5300,8100,47000,59000,66000,66000,66000,66000,94,0,1400,5195.001223,262.209917,66153.56375,17
1645660666,5,,Aggregated,0.7,0,1400,2600,3700,5300,8100,47000,59000,66000,66000,66000,66000,94,0,1400,5195.001223,262.209917,66153.56375,17
1645660667,5,,Aggregated,0.7,0,1400,2600,3700,5300,8100,47000,59000,66000,66000,66000,66000,94,0,1400,5195.001223,262.209917,66153.56375,17
1645660668,5,,Aggregated,1,0,1400,2900,3900,5300,8200,47000,59000,66000,66000,66000,66000,99,0,1400,5204.256556,262.209917,66153.56375,17
1645660669,5,,Aggregated,1,0,1400,2900,3900,5300,8200,47000,59000,66000,66000,66000,66000,99,0,1400,5204.256556,262.209917,66153.56375,17
1645660670,5,,Aggregated,1,0,1400,2900,3900,5300,8200,47000,59000,66000,66000,66000,66000,100,0,1400,5167.411358,262.209917,66153.56375,17
1645660671,5,,Aggregated,1.5,0,1500,2800,3900,4200,8100,11000,52000,59000,66000,66000,66000,104,0,1400,5033.391528,262.209917,66153.56375,17
1645660672,5,,Aggregated,1.4,0,1400,2600,3800,4200,8100,11000,52000,59000,66000,66000,66000,108,0,1400,4863.177609,262.209917,66153.56375,17
1645660673,5,,Aggregated,1.3,0,1400,2400,3800,4200,8100,11000,52000,59000,66000,66000,66000,110,0,1400,4781.598917,262.209917,66153.56375,17
1645660674,5,,Aggregated,1.7,0,1400,2200,3700,4000,8000,11000,52000,59000,66000,66000,66000,113,0,1400,4676.073996,262.209917,66153.56375,17
1645660675,5,,Aggregated,1.7,0,1400,2200,3700,4000,8000,11000,52000,59000,66000,66000,66000,113,0,1400,4676.073996,262.209917,66153.56375,17
1645660676,5,,Aggregated,1.6,0,1400,2200,3600,4000,8000,11000,52000,59000,66000,66000,66000,117,0,1400,4577.704622,262.209917,66153.56375,17
1645660677,5,,Aggregated,1.6,0,1400,2200,3600,4000,8000,11000,52000,59000,66000,66000,66000,118,0,1400,4551.589007,262.209917,66153.56375,17
1645660678,5,,Aggregated,1.9,0,1400,2200,3500,3900,8000,11000,52000,59000,66000,66000,66000,123,0,1400,4391.883457,262.209917,66153.56375,17
1645660679,5,,Aggregated,2.4,0,1400,2100,3500,3900,8000,11000,52000,59000,66000,66000,66000,124,0,1400,4361.834616,262.209917,66153.56375,17
1645660680,5,,Aggregated,2.5,0,1400,2100,3200,3900,8000,11000,52000,59000,66000,66000,66000,128,0,1300,4249.746774,262.209917,66153.56375,17
1645660681,5,,Aggregated,2.4,0,1300,2100,3000,3900,8000,11000,52000,59000,66000,66000,66000,129,0,1300,4221.364259,262.209917,66153.56375,17
1645660682,5,,Aggregated,2.6,0,1300,1800,2900,3800,8000,11000,52000,59000,66000,66000,66000,134,0,1300,4096.03953,262.209917,66153.56375,17
1645660683,5,,Aggregated,2.8,0,1300,1800,2900,3800,8000,11000,52000,59000,66000,66000,66000,138,0,1300,3987.703644,262.209917,66153.56375,17
1645660684,5,,Aggregated,2.7,0,1300,1700,2900,3800,8000,11000,52000,59000,66000,66000,66000,139,0,1300,3961.837238,262.209917,66153.56375,17
1645660685,5,,Aggregated,2.5,0,1300,1700,2800,3700,7900,10000,52000,59000,66000,66000,66000,144,0,1300,3843.317593,262.209917,66153.56375,17
1645660686,5,,Aggregated,2.8,0,1200,1500,2600,3600,7900,10000,52000,59000,66000,66000,66000,149,0,1200,3724.401239,254.659916,66153.56375,17
1645660687,5,,Aggregated,2.8,0,1200,1500,2600,3600,7900,10000,52000,59000,66000,66000,66000,150,0,1100,3703.486599,254.659916,66153.56375,17
1645660688,5,,Aggregated,3.1,0,1000,1500,2400,3500,7900,10000,49000,59000,66000,66000,66000,154,0,990,3620.325045,254.659916,66153.56375,17
1645660689,5,,Aggregated,3.1,0,930,1500,2200,3200,7900,10000,49000,59000,66000,66000,66000,159,0,930,3517.665273,254.659916,66153.56375,17
1645660690,10,,Aggregated,3.3,0,810,1400,2200,3000,7900,9200,49000,59000,66000,66000,66000,165,0,810,3404.944572,247.478625,66153.56375,17
1645660691,10,,Aggregated,3.1,0,790,1400,2100,2900,7000,9200,49000,59000,66000,66000,66000,172,0,790,3285.873009,233.250542,66153.56375,17
1645660692,10,,Aggregated,3.4,0,770,1400,1900,2800,7000,9200,49000,59000,66000,66000,66000,180,0,750,3154.38486,233.250542,66153.56375,17
1645660693,10,,Aggregated,3.9,0,670,1400,1800,2600,5300,8200,49000,59000,66000,66000,66000,188,0,670,3037.304836,233.250542,66153.56375,17
1645660694,10,,Aggregated,4.3,0,660,1300,1700,2400,5300,8200,49000,59000,66000,66000,66000,195,0,660,2939.47253,233.250542,66153.56375,17
1645660695,10,,Aggregated,4.7,0,630,1300,1500,2200,4200,8100,47000,52000,66000,66000,66000,202,0,620,2852.401695,233.250542,66153.56375,17
1645660696,10,,Aggregated,5.1,0,600,1300,1500,2200,4200,8100,47000,52000,66000,66000,66000,209,0,600,2768.306513,233.250542,66153.56375,17
1645660697,10,,Aggregated,5.4,0,590,1300,1500,2100,4200,8100,47000,52000,66000,66000,66000,215,0,590,2700.358699,233.250542,66153.56375,17
1645660698,10,,Aggregated,5.9,0,590,1200,1400,1900,4000,8000,47000,52000,66000,66000,66000,221,0,590,2647.982305,233.250542,66153.56375,17
1645660699,10,,Aggregated,6.1,0,590,1200,1400,1900,4000,8000,47000,52000,66000,66000,66000,222,0,590,2637.974931,233.250542,66153.56375,17
1645660700,10,,Aggregated,6.3,0,590,1200,1500,2000,4000,8000,47000,52000,66000,66000,66000,231,0,590,2583.835331,233.250542,66153.56375,17
1645660701,10,,Aggregated,6.7,0,590,1200,1500,2000,4000,8000,47000,52000,66000,66000,66000,232,0,590,2574.344238,233.250542,66153.56375,17
1645660702,10,,Aggregated,6.3,0,610,1100,1400,1900,3900,8000,47000,52000,66000,66000,66000,241,0,610,2510.147112,233.250542,66153.56375,17
1645660703,10,,Aggregated,6.3,0,610,1100,1400,1900,3900,8000,47000,52000,66000,66000,66000,241,0,610,2510.147112,233.250542,66153.56375,17
1645660704,10,,Aggregated,6.3,0,610,1100,1400,1900,3900,8000,47000,52000,66000,66000,66000,241,0,610,2510.147112,233.250542,66153.56375,17
1645660705,10,,Aggregated,6.3,0,610,1100,1400,1900,3900,8000,47000,52000,66000,66000,66000,241,0,610,2510.147112,233.250542,66153.56375,17
1645660706,10,,Aggregated,6.3,0,610,1100,1400,1900,3900,8000,47000,52000,66000,66000,66000,241,0,610,2510.147112,233.250542,66153.56375,17
1645660707,10,,Aggregated,4.6,0,650,1300,1600,2200,4600,8000,47000,52000,66000,66000,66000,250,0,630,2588.616572,233.250542,66153.56375,17
1645660708,10,,Aggregated,4.6,0,650,1300,1600,2200,4600,8000,47000,52000,66000,66000,66000,250,0,630,2588.616572,233.250542,66153.56375,17
1645660709,10,,Aggregated,3.1,0,670,1200,1500,2200,4600,8000,11000,52000,66000,66000,66000,259,0,670,2524.671494,233.250542,66153.56375,17
1645660710,10,,Aggregated,3.1,0,670,1200,1500,2200,4600,8000,11000,52000,66000,66000,66000,259,0,670,2524.671494,233.250542,66153.56375,17
1645660711,10,,Aggregated,2.9,0,670,1100,1500,2100,4500,8000,11000,52000,66000,66000,66000,268,0,670,2464.013749,233.250542,66153.56375,17
1645660712,10,,Aggregated,3.7,0,670,1000,1400,2000,4400,8000,11000,52000,66000,66000,66000,276,0,670,2411.588288,233.250542,66153.56375,17
1645660713,10,,Aggregated,2.8,0,670,1000,1400,2100,4500,8000,11000,52000,66000,66000,66000,278,0,670,2433.26712,233.250542,66153.56375,17
1645660714,10,,Aggregated,3.4,0,670,930,1400,2000,4400,8000,11000,52000,66000,66000,66000,288,0,670,2372.152036,233.250542,66153.56375,17
1645660715,10,,Aggregated,3.4,0,670,930,1400,2000,4400,8000,11000,52000,66000,66000,66000,288,0,670,2372.152036,233.250542,66153.56375,17
1645660716,10,,Aggregated,3.7,0,670,930,1400,2000,4400,8000,11000,52000,66000,66000,66000,289,0,670,2368.895295,233.250542,66153.56375,17
1645660717,10,,Aggregated,4.7,0,670,940,1400,2000,4400,8000,11000,52000,66000,66000,66000,290,0,670,2367.544654,233.250542,66153.56375,17
1645660718,10,,Aggregated,4.7,0,670,990,1400,2000,4400,8000,11000,52000,66000,66000,66000,291,0,670,2370.427934,233.250542,66153.56375,17
1645660720,10,,Aggregated,4.8,0,680,990,1400,2000,4400,8000,11000,52000,66000,66000,66000,292,0,670,2377.042929,233.250542,66153.56375,17
1645660721,10,,Aggregated,4.8,0,680,990,1400,2000,4400,8000,11000,52000,66000,66000,66000,292,0,670,2377.042929,233.250542,66153.56375,17
1645660722,10,,Aggregated,4.1,0,680,1000,1400,2100,4400,8000,11000,52000,66000,66000,66000,293,0,680,2387.602436,233.250542,66153.56375,17
1645660723,10,,Aggregated,3.3,0,680,1000,1500,2100,4500,8000,11000,52000,66000,66000,66000,294,0,680,2401.914735,233.250542,66153.56375,17
1645660724,10,,Aggregated,3.3,0,680,1000,1500,2100,4600,8000,11000,52000,66000,66000,66000,295,0,680,2420.555287,233.250542,66153.56375,17
1645660725,10,,Aggregated,2.5,0,680,1100,1500,2100,4600,8000,11000,52000,66000,66000,66000,296,0,680,2443.095658,233.250542,66153.56375,17
1645660726,10,,Aggregated,2.5,0,680,1100,1500,2100,4600,8000,11000,52000,66000,66000,66000,296,0,680,2443.095658,233.250542,66153.56375,17
1645660727,10,,Aggregated,1.7,0,680,1100,1500,2200,4700,8000,11000,52000,66000,66000,66000,297,0,680,2470.354572,233.250542,66153.56375,17
1645660728,10,,Aggregated,0.8,0,690,1100,1500,2200,4700,8100,11000,52000,66000,66000,66000,298,0,680,2494.150804,233.250542,66153.56375,17
1645660729,10,,Aggregated,0.8,0,690,1100,1500,2200,4800,8200,13000,52000,66000,66000,66000,299,0,690,2529.544519,233.250542,66153.56375,17
1645660730,10,,Aggregated,0.8,0,690,1200,1600,2400,5300,9100,13000,52000,66000,66000,66000,300,0,690,2558.835878,233.250542,66153.56375,17
1645660731,10,,Aggregated,0.8,0,690,1200,1600,2400,5300,9100,11000,49000,66000,66000,66000,301,0,690,2587.916218,233.250542,66153.56375,17
1645660732,10,,Aggregated,0.8,0,690,1200,1600,2400,5300,9100,11000,49000,66000,66000,66000,301,0,690,2587.916218,233.250542,66153.56375,17
1645660733,10,,Aggregated,0.8,0,700,1200,1700,2500,5300,9200,11000,49000,66000,66000,66000,302,0,690,2617.005935,233.250542,66153.56375,17
1645660734,10,,Aggregated,0.8,0,700,1200,1700,2600,5400,9600,11000,49000,66000,66000,66000,303,0,700,2646.059029,233.250542,66153.56375,17
1645660735,10,,Aggregated,0.8,0,700,1300,1800,2600,5500,10000,12000,49000,66000,66000,66000,304,0,700,2675.555681,233.250542,66153.56375,17
1645660736,10,,Aggregated,0.8,0,700,1300,1800,2600,5500,10000,12000,49000,66000,66000,66000,304,0,700,2675.555681,233.250542,66153.56375,17
1645660737,10,,Aggregated,0.8,0,700,1300,1800,2800,6600,10000,12000,49000,66000,66000,66000,305,0,700,2696.37699,233.250542,66153.56375,17
1645660738,10,,Aggregated,0.8,0,710,1300,1800,2800,7000,10000,12000,49000,66000,66000,66000,306,0,700,2726.398046,233.250542,66153.56375,17
1645660739,10,,Aggregated,0.8,0,710,1300,1900,2900,7900,10000,12000,49000,66000,66000,66000,307,0,710,2748.10053,233.250542,66153.56375,17
1645660740,10,,Aggregated,0.8,0,710,1300,1900,2900,7900,10000,12000,49000,66000,66000,66000,307,0,710,2748.10053,233.250542,66153.56375,17
1645660741,10,,Aggregated,0.8,0,720,1300,2000,2900,7900,10000,12000,49000,66000,66000,66000,308,0,710,2769.406948,233.250542,66153.56375,17
1645660742,10,,Aggregated,0.8,0,720,1300,2000,2900,7900,10000,12000,49000,66000,66000,66000,308,0,710,2769.406948,233.250542,66153.56375,17
1645660743,10,,Aggregated,0.7,0,720,1300,2000,3000,7900,10000,12000,49000,66000,66000,66000,309,0,720,2794.180513,233.250542,66153.56375,17
1645660744,10,,Aggregated,0.8,0,720,1300,2000,3200,7900,10000,12000,49000,66000,66000,66000,310,0,720,2818.514246,233.250542,66153.56375,17
1645660745,10,,Aggregated,0.7,0,720,1300,2000,3200,7900,10000,12000,49000,66000,66000,66000,311,0,720,2842.517628,233.250542,66153.56375,17
1645660746,10,,Aggregated,0.7,0,730,1300,2100,3200,8000,11000,13000,49000,66000,66000,66000,312,0,720,2889.995125,233.250542,66153.56375,17
1645660747,10,,Aggregated,0.7,0,730,1300,2100,3200,8000,11000,13000,49000,66000,66000,66000,312,0,720,2889.995125,233.250542,66153.56375,17
1645660748,10,,Aggregated,0.7,0,730,1300,2100,3200,8000,11000,13000,49000,66000,66000,66000,312,0,720,2889.995125,233.250542,66153.56375,17
1645660749,10,,Aggregated,0.7,0,730,1300,2100,3500,8000,11000,13000,49000,66000,66000,66000,313,0,730,2918.783106,233.250542,66153.56375,17
1645660750,10,,Aggregated,0.7,0,730,1300,2100,3500,8000,11000,13000,49000,66000,66000,66000,313,0,730,2918.783106,233.250542,66153.56375,17
1645660751,10,,Aggregated,0.6,0,740,1300,2100,3600,8000,11000,14000,49000,66000,66000,66000,314,0,730,2955.431687,233.250542,66153.56375,17
1645660752,10,,Aggregated,0.6,0,740,1300,2100,3700,8100,11000,18000,49000,66000,66000,66000,315,0,740,3032.110605,233.250542,66153.56375,17
1645660753,10,,Aggregated,0.6,0,740,1300,2200,3700,8200,11000,18000,49000,66000,66000,66000,316,0,740,3060.125446,233.250542,66153.56375,17
1645660754,10,,Aggregated,0.7,0,740,1300,2200,3800,9000,11000,18000,49000,66000,66000,66000,317,0,740,3095.114496,233.250542,66153.56375,17
1645660755,10,,Aggregated,0.7,0,740,1300,2200,3800,9000,11000,18000,49000,66000,66000,66000,317,0,740,3095.114496,233.250542,66153.56375,17
1645660756,10,,Aggregated,0.6,0,740,1300,2200,3800,9100,11000,18000,49000,66000,66000,66000,318,0,740,3119.593095,233.250542,66153.56375,17
1645660757,10,,Aggregated,0.6,0,740,1400,2200,3900,9200,11000,18000,49000,66000,66000,66000,319,0,740,3151.240978,233.250542,66153.56375,17
1645660758,10,,Aggregated,0.7,0,740,1400,2400,3900,9300,11000,18000,49000,66000,66000,66000,320,0,740,3175.753487,233.250542,66153.56375,17
1645660759,10,,Aggregated,0.7,0,740,1400,2400,3900,9200,11000,18000,49000,66000,66000,66000,321,0,740,3193.85736,233.250542,66153.56375,17
1645660760,10,,Aggregated,0.7,0,740,1400,2400,3900,9200,11000,18000,49000,66000,66000,66000,321,0,740,3193.85736,233.250542,66153.56375,17
1645660761,10,,Aggregated,0.7,0,740,1400,2500,4000,9300,11000,18000,49000,66000,66000,66000,322,0,740,3212.721675,233.250542,66153.56375,17
1645660762,10,,Aggregated,0.8,0,740,1400,2600,4000,9300,11000,18000,49000,66000,66000,66000,323,0,740,3252.464884,233.250542,66153.56375,17
1645660763,10,,Aggregated,0.8,0,740,1400,2600,4000,9300,11000,18000,49000,66000,66000,66000,323,0,740,3252.464884,233.250542,66153.56375,17
1645660764,10,,Aggregated,0.8,0,750,1400,2600,4200,9400,12000,25000,49000,66000,66000,66000,324,0,740,3318.73932,233.250542,66153.56375,17
1645660765,10,,Aggregated,0.8,0,750,1400,2600,4200,9600,12000,25000,49000,66000,66000,66000,325,0,750,3346.034833,233.250542,66153.56375,17
1645660766,10,,Aggregated,0.8,0,750,1400,2800,4200,10000,12000,25000,49000,66000,66000,66000,326,0,750,3371.928611,233.250542,66153.56375,17
1645660767,10,,Aggregated,0.8,0,750,1400,2900,4300,10000,12000,25000,49000,66000,66000,66000,327,0,750,3390.437995,233.250542,66153.56375,17
1645660768,10,,Aggregated,0.8,0,750,1400,2900,4400,10000,12000,25000,49000,66000,66000,66000,328,0,750,3416.001279,233.250542,66153.56375,17
1645660769,10,,Aggregated,0.8,0,750,1400,2900,4400,10000,12000,25000,49000,66000,66000,66000,328,0,750,3416.001279,233.250542,66153.56375,17
1645660770,10,,Aggregated,0.7,0,750,1400,2900,4400,10000,12000,25000,49000,66000,66000,66000,329,0,750,3434.157096,233.250542,66153.56375,17
1645660771,10,,Aggregated,0.8,0,750,1400,3000,4500,10000,12000,25000,49000,66000,66000,66000,330,0,750,3459.317884,233.250542,66153.56375,17
1645660772,10,,Aggregated,0.8,0,750,1400,3000,4500,10000,12000,25000,49000,66000,66000,66000,330,0,750,3459.317884,233.250542,66153.56375,17
1645660773,10,,Aggregated,0.8,0,750,1400,3200,4500,10000,12000,25000,49000,66000,66000,66000,331,0,750,3478.854863,233.250542,66153.56375,17
1645660774,10,,Aggregated,0.8,0,760,1400,3200,4600,10000,12000,25000,49000,66000,66000,66000,332,0,750,3497.472298,233.250542,66153.56375,17
1645660775,10,,Aggregated,0.8,0,760,1400,3200,4600,10000,12000,25000,49000,66000,66000,66000,332,0,750,3497.472298,233.250542,66153.56375,17
1645660776,10,,Aggregated,0.8,0,760,1400,3200,4600,10000,12000,25000,49000,66000,66000,66000,332,0,750,3497.472298,233.250542,66153.56375,17
1645660777,10,,Aggregated,0.8,0,760,1400,3200,4600,10000,12000,25000,49000,66000,66000,66000,332,0,750,3497.472298,233.250542,66153.56375,17
1645660778,10,,Aggregated,0.8,0,760,1400,3200,4600,10000,12000,25000,49000,66000,66000,66000,332,0,750,3497.472298,233.250542,66153.56375,17
1645660779,10,,Aggregated,0.8,0,760,1400,3200,4600,10000,12000,25000,49000,66000,66000,66000,332,0,750,3497.472298,233.250542,66153.56375,17
1645660780,10,,Aggregated,0.8,0,760,1400,3200,4600,10000,12000,25000,49000,66000,66000,66000,332,0,750,3497.472298,233.250542,66153.56375,17
1645660781,10,,Aggregated,0.8,0,760,1400,3200,4600,10000,12000,25000,49000,66000,66000,66000,332,0,750,3497.472298,233.250542,66153.56375,17
1645660782,10,,Aggregated,0.8,0,760,1400,3200,4600,10000,12000,25000,49000,66000,66000,66000,332,0,750,3497.472298,233.250542,66153.56375,17
1645660783,10,,Aggregated,0.8,0,760,1400,3200,4600,10000,12000,25000,49000,66000,66000,66000,332,0,750,3497.472298,233.250542,66153.56375,17
1645660784,10,,Aggregated,0.8,0,760,1400,3200,4600,10000,12000,25000,49000,66000,66000,66000,332,0,750,3497.472298,233.250542,66153.56375,17
1645660785,10,,Aggregated,0.2,0,760,1400,3200,4600,10000,12000,25000,49000,66000,66000,66000,333,0,760,3543.463159,233.250542,66153.56375,17
1645660786,10,,Aggregated,0.1,0,760,1500,3500,4700,10000,12000,25000,49000,66000,66000,66000,335,0,760,3580.130221,233.250542,66153.56375,17
1645660787,10,,Aggregated,0.1,0,760,1500,3500,4700,10000,12000,26000,49000,66000,66000,66000,337,0,760,3635.986073,233.250542,66153.56375,17
1645660788,10,,Aggregated,0.1,0,760,1500,3500,4700,10000,12000,26000,49000,66000,66000,66000,337,0,760,3635.986073,233.250542,66153.56375,17
1645660789,10,,Aggregated,0.3,0,760,1500,3600,4700,11000,13000,26000,49000,66000,66000,66000,339,0,760,3675.780878,233.250542,66153.56375,17
1645660790,10,,Aggregated,0.5,0,770,1500,3600,4700,11000,13000,27000,49000,66000,66000,66000,342,0,760,3757.317564,233.250542,66153.56375,17
1645660791,10,,Aggregated,0.5,0,770,1500,3600,4700,11000,13000,27000,49000,66000,66000,66000,342,0,760,3757.317564,233.250542,66153.56375,17
1645660792,10,,Aggregated,0.7,0,770,1500,3700,4800,11000,13000,27000,49000,66000,66000,66000,343,0,770,3807.823838,233.250542,66153.56375,17
1645660793,10,,Aggregated,0.7,0,770,1600,3700,5300,11000,14000,27000,49000,66000,66000,66000,345,0,770,3851.041778,233.250542,66153.56375,17
1645660794,10,,Aggregated,1.1,0,770,1600,3800,5300,11000,14000,27000,49000,66000,66000,66000,346,0,770,3904.503067,233.250542,66153.56375,17
1645660795,10,,Aggregated,1.1,0,770,1600,3800,5300,11000,14000,27000,49000,66000,66000,66000,346,0,770,3904.503067,233.250542,66153.56375,17
1645660796,10,,Aggregated,1.1,0,770,1600,3800,5300,11000,14000,27000,49000,66000,66000,66000,346,0,770,3904.503067,233.250542,66153.56375,17
1645660797,10,,Aggregated,1.1,0,770,1600,3800,5300,11000,14000,27000,49000,66000,66000,66000,346,0,770,3904.503067,233.250542,66153.56375,17
1645660798,10,,Aggregated,1.1,0,770,1600,3800,5300,11000,14000,27000,49000,66000,66000,66000,346,0,770,3904.503067,233.250542,66153.56375,17
1645660799,10,,Aggregated,1.1,0,770,1600,3800,5300,11000,14000,27000,49000,66000,66000,66000,346,0,770,3904.503067,233.250542,66153.56375,17
1645660800,10,,Aggregated,1.1,0,770,1600,3800,5300,11000,14000,27000,49000,66000,66000,66000,346,0,770,3904.503067,233.250542,66153.56375,17
1645660801,10,,Aggregated,1.1,0,770,1600,3800,5300,11000,14000,27000,49000,66000,66000,66000,346,0,770,3904.503067,233.250542,66153.56375,17
1645660802,10,,Aggregated,0.7,0,770,1700,3900,5400,11000,16000,33000,49000,66000,66000,66000,348,1,770,4012.728838,233.250542,66153.56375,17.28448276
1645660803,10,,Aggregated,0.4,0,770,1800,4000,7000,11000,18000,28000,49000,66000,66000,66000,354,1,770,4110.804023,233.250542,66153.56375,17.27966102
1645660804,10,,Aggregated,0.5,0.1,770,1800,4000,7000,11000,18000,28000,49000,66000,66000,66000,357,1,770,4105.849688,233.250542,66153.56375,17.27731092
1645660805,10,,Aggregated,0.5,0.1,770,1700,3900,6600,11000,16000,28000,49000,66000,66000,66000,364,1,760,4032.698258,233.250542,66153.56375,17.27197802
1645660806,10,,Aggregated,1,0.1,760,1600,3900,6600,11000,16000,28000,49000,66000,66000,66000,370,1,760,4012.24743,228.186416,66153.56375,17.26756757
1645660807,10,,Aggregated,1.5,0.1,750,1600,3900,5500,11000,16000,28000,49000,66000,66000,66000,376,1,750,3990.950693,200.441709,66153.56375,17.26329787
1645660808,10,,Aggregated,2,0.1,750,1500,3800,5500,11000,16000,28000,49000,66000,66000,66000,384,1,740,3956.751195,200.441709,66153.56375,17.2578125
1645660809,10,,Aggregated,2.6,0.1,740,1500,3700,5300,11000,16000,28000,49000,66000,66000,66000,392,1,740,3882.173862,200.441709,66153.56375,17.25255102
1645660810,10,,Aggregated,3.5,0.1,720,1400,3500,5300,11000,16000,28000,49000,66000,66000,66000,397,1,720,3836.29705,200.441709,66153.56375,17.24937028
1645660811,15,,Aggregated,3.5,0.1,720,1400,3500,5300,11000,16000,28000,49000,66000,66000,66000,397,1,720,3836.29705,200.441709,66153.56375,17.24937028
1645660812,15,,Aggregated,5,0.1,740,1500,3500,4800,11000,15000,27000,47000,66000,66000,66000,402,1,740,3812.592563,200.441709,66153.56375,17.24626866
1645660813,15,,Aggregated,5.1,0.1,740,1600,3200,4700,11000,15000,27000,47000,66000,66000,66000,411,1,740,3769.170959,200.441709,66153.56375,17.24087591
1645660814,15,,Aggregated,5.1,0,740,1600,3100,4600,11000,15000,27000,47000,66000,66000,66000,420,1,740,3719.597986,200.441709,66153.56375,17.23571429
1645660815,15,,Aggregated,5.6,0,740,1500,2900,4500,11000,15000,27000,47000,66000,66000,66000,426,1,740,3676.875337,200.441709,66153.56375,17.23239437
1645660816,15,,Aggregated,6,0,740,1500,2900,4500,11000,15000,27000,47000,66000,66000,66000,430,1,740,3654.535277,200.441709,66153.56375,17.23023256
1645660817,15,,Aggregated,6.3,0,750,1600,2600,4400,11000,15000,27000,47000,66000,66000,66000,438,1,750,3616.920452,200.441709,66153.56375,17.2260274
1645660818,15,,Aggregated,6,0,750,1600,2600,4300,11000,14000,27000,47000,66000,66000,66000,442,1,750,3600.136074,200.441709,66153.56375,17.2239819
1645660819,15,,Aggregated,6,0,760,1600,2600,4300,11000,14000,27000,47000,66000,66000,66000,445,1,760,3588.385851,200.441709,66153.56375,17.22247191
1645660820,15,,Aggregated,6,0,760,1600,2600,4300,11000,14000,27000,47000,66000,66000,66000,445,1,760,3588.385851,200.441709,66153.56375,17.22247191
1645660821,15,,Aggregated,5.7,0,760,1600,2600,4200,11000,14000,27000,47000,66000,66000,66000,446,1,760,3587.53661,200.441709,66153.56375,17.22197309
1645660822,15,,Aggregated,5.7,0,760,1600,2600,4200,11000,14000,27000,47000,66000,66000,66000,446,1,760,3587.53661,200.441709,66153.56375,17.22197309
1645660823,15,,Aggregated,5.7,0,760,1600,2600,4200,11000,14000,27000,47000,66000,66000,66000,446,1,760,3587.53661,200.441709,66153.56375,17.22197309
1645660824,15,,Aggregated,4.7,0,760,1600,2800,4400,11000,14000,27000,47000,66000,66000,66000,448,1,760,3599.925503,200.441709,66153.56375,17.22098214
1645660825,15,,Aggregated,4.7,0,760,1600,2800,4400,11000,14000,27000,47000,66000,66000,66000,448,1,760,3599.925503,200.441709,66153.56375,17.22098214
1645660826,15,,Aggregated,4.7,0,760,1600,2800,4400,11000,14000,27000,47000,66000,66000,66000,448,1,760,3599.925503,200.441709,66153.56375,17.22098214
1645660827,15,,Aggregated,4.7,0,760,1600,2800,4400,11000,14000,27000,47000,66000,66000,66000,448,1,760,3599.925503,200.441709,66153.56375,17.22098214
1645660828,15,,Aggregated,2.2,0,770,1900,3200,5300,10000,14000,26000,47000,66000,66000,66000,461,1,770,3740.385798,200.441709,66153.56375,17.21475054
1645660829,15,,Aggregated,2.2,0,770,1900,3500,5400,10000,14000,26000,47000,66000,66000,66000,463,1,770,3746.697475,200.441709,66153.56375,17.21382289
1645660830,15,,Aggregated,2.2,0,770,1900,3500,5400,10000,14000,26000,47000,66000,66000,66000,463,1,770,3746.697475,200.441709,66153.56375,17.21382289
1645660831,15,,Aggregated,2.2,0,770,1900,3500,5400,10000,14000,26000,47000,66000,66000,66000,463,1,770,3746.697475,200.441709,66153.56375,17.21382289
1645660832,15,,Aggregated,1.8,0,780,1900,3500,5400,10000,14000,26000,47000,66000,66000,66000,464,1,770,3744.835281,200.441709,66153.56375,17.21336207
1645660833,15,,Aggregated,1.7,0,790,1900,3700,5300,10000,14000,26000,47000,66000,66000,66000,469,1,790,3754.126602,200.441709,66153.56375,17.21108742
1645660834,15,,Aggregated,1.8,0,790,1900,3800,5300,10000,14000,26000,47000,66000,66000,66000,471,1,790,3760.799055,200.441709,66153.56375,17.21019108
1645660835,15,,Aggregated,1.8,0,800,2000,4000,6000,10000,14000,26000,47000,66000,66000,66000,477,1,800,3790.707759,200.441709,66153.56375,17.20754717
1645660836,15,,Aggregated,1.8,0,800,2100,4200,6000,10000,14000,26000,47000,66000,66000,66000,479,1,800,3794.152629,200.441709,66153.56375,17.20668058
1645660837,15,,Aggregated,1.8,0,800,2100,4200,6000,10000,14000,26000,47000,66000,66000,66000,479,1,800,3794.152629,200.441709,66153.56375,17.20668058
1645660838,15,,Aggregated,3.1,0,810,2100,4000,6000,10000,13000,26000,47000,66000,66000,66000,481,1,810,3794.396405,200.441709,66153.56375,17.20582121
1645660839,15,,Aggregated,3.1,0,810,2100,4000,6000,10000,13000,26000,47000,66000,66000,66000,481,1,810,3794.396405,200.441709,66153.56375,17.20582121
1645660840,15,,Aggregated,2.2,0,820,2100,4200,6000,10000,13000,26000,47000,66000,66000,66000,482,1,810,3796.825812,200.441709,66153.56375,17.20539419
1645660841,15,,Aggregated,1.8,0,840,2100,4400,6000,10000,13000,26000,47000,66000,66000,66000,487,1,840,3812.782233,200.441709,66153.56375,17.20328542
1645660842,15,,Aggregated,1.8,0,930,2300,4500,6000,10000,13000,26000,47000,66000,66000,66000,499,1,930,3819.91002,200.441709,66153.56375,17.19839679
1645660843,15,,Aggregated,2.2,0,880,2200,4500,6000,10000,13000,25000,35000,66000,66000,66000,505,1,880,3782.993543,200.441709,66153.56375,17.1960396
1645660844,15,,Aggregated,2.8,0,910,2100,4400,5700,9900,13000,25000,35000,66000,66000,66000,512,1,880,3744.778246,200.441709,66153.56375,17.19335938
1645660845,15,,Aggregated,3.7,0,920,2100,4400,5500,9900,13000,25000,35000,66000,66000,66000,516,1,920,3728.059195,200.441709,66153.56375,17.19186047
1645660846,15,,Aggregated,3.7,0,920,2100,4400,5500,9900,13000,25000,35000,66000,66000,66000,516,1,920,3728.059195,200.441709,66153.56375,17.19186047
1645660847,15,,Aggregated,3.7,0,920,2100,4400,5500,9900,13000,25000,35000,66000,66000,66000,516,1,920,3728.059195,200.441709,66153.56375,17.19186047
1645660848,15,,Aggregated,3.7,0,930,2100,4400,5500,9900,13000,25000,35000,66000,66000,66000,518,1,920,3731.460248,200.441709,66153.56375,17.19111969
1645660849,15,,Aggregated,3.7,0,940,2200,4500,5500,9800,12000,25000,35000,66000,66000,66000,521,1,940,3737.26643,200.441709,66153.56375,17.19001919
1645660850,15,,Aggregated,3.7,0,1000,2400,4600,5500,9800,12000,25000,35000,66000,66000,66000,526,1,990,3752.392892,200.441709,66153.56375,17.18821293
1645660851,15,,Aggregated,3.7,0,1000,2500,4700,5500,9700,12000,25000,35000,66000,66000,66000,531,1,1000,3757.178255,200.441709,66153.56375,17.18644068
1645660852,15,,Aggregated,3.7,0,1000,2500,4700,5500,9700,12000,25000,35000,66000,66000,66000,531,1,1000,3757.178255,200.441709,66153.56375,17.18644068
1645660853,15,,Aggregated,3.7,0,1000,2500,4700,5500,9700,12000,25000,35000,66000,66000,66000,531,1,1000,3757.178255,200.441709,66153.56375,17.18644068
1645660854,15,,Aggregated,3.7,0,1000,2500,4700,5500,9700,12000,25000,35000,66000,66000,66000,531,1,1000,3757.178255,200.441709,66153.56375,17.18644068
1645660855,15,,Aggregated,3,0,1100,2600,4700,5500,9700,12000,25000,35000,66000,66000,66000,536,1,1100,3771.955317,200.441709,66153.56375,17.18470149
1645660856,15,,Aggregated,2.4,0,1100,2600,4700,5500,9700,12000,25000,35000,66000,66000,66000,540,1,1100,3780.362157,200.441709,66153.56375,17.18333333
1645660857,15,,Aggregated,1.9,0,1100,2600,4700,5500,9700,12000,25000,35000,66000,66000,66000,541,1,1100,3784.995921,200.441709,66153.56375,17.18299445
1645660858,15,,Aggregated,1.9,0,1200,2900,4800,5600,9700,12000,25000,35000,66000,66000,66000,546,1,1200,3803.424056,200.441709,66153.56375,17.18131868
1645660859,15,,Aggregated,1.9,0,1200,2900,4800,5600,9700,12000,25000,35000,66000,66000,66000,546,1,1200,3803.424056,200.441709,66153.56375,17.18131868
1645660860,15,,Aggregated,1.9,0,1200,2900,4800,5600,9700,12000,25000,35000,66000,66000,66000,546,1,1200,3803.424056,200.441709,66153.56375,17.18131868
1645660861,15,,Aggregated,2.8,0,1300,3100,4800,5500,9600,12000,22000,35000,66000,66000,66000,558,1,1300,3810.059684,200.441709,66153.56375,17.17741935
1645660862,15,,Aggregated,2.5,0,1300,3100,4800,5500,9500,12000,22000,35000,66000,66000,66000,561,1,1300,3806.305755,200.441709,66153.56375,17.17647059
1645660863,15,,Aggregated,2.5,0,1300,3100,4800,5500,9500,12000,22000,35000,66000,66000,66000,561,1,1300,3806.305755,200.441709,66153.56375,17.17647059
1645660864,15,,Aggregated,2.5,0,1300,3100,4800,5500,9500,12000,22000,35000,66000,66000,66000,561,1,1300,3806.305755,200.441709,66153.56375,17.17647059
1645660865,15,,Aggregated,3,0,1300,3100,4800,5500,9500,12000,22000,35000,66000,66000,66000,563,1,1300,3804.520018,200.441709,66153.56375,17.17584369
1645660866,15,,Aggregated,3,0,1300,3200,4800,5500,9500,12000,22000,35000,66000,66000,66000,567,1,1300,3806.979056,200.441709,66153.56375,17.17460317
1645660867,15,,Aggregated,3,0,1300,3500,4800,5400,9400,12000,22000,35000,66000,66000,66000,576,1,1300,3822.728521,200.441709,66153.56375,17.171875
1645660868,15,,Aggregated,2.5,0,1300,3500,4800,5400,9400,12000,22000,35000,66000,66000,66000,577,1,1300,3818.563443,200.441709,66153.56375,17.17157712
1645660869,15,,Aggregated,2.9,0,1400,3200,4800,5400,9400,12000,22000,35000,66000,66000,66000,580,1,1400,3812.257428,200.441709,66153.56375,17.17068966
1645660870,15,,Aggregated,2.9,0,1400,3200,4800,5400,9400,12000,22000,35000,66000,66000,66000,580,1,1400,3812.257428,200.441709,66153.56375,17.17068966
1645660871,15,,Aggregated,3.1,0,1400,3500,4800,5400,9400,12000,22000,35000,66000,66000,66000,581,1,1400,3813.323884,200.441709,66153.56375,17.17039587
1645660872,15,,Aggregated,3.4,0,1400,3500,4800,5400,9400,12000,22000,35000,66000,66000,66000,583,1,1400,3815.618042,200.441709,66153.56375,17.16981132
1645660873,15,,Aggregated,3.4,0,1400,3600,4800,5400,9400,12000,22000,35000,66000,66000,66000,587,1,1400,3822.651166,200.441709,66153.56375,17.16865417
1645660874,15,,Aggregated,2.1,0,1400,3700,4800,5500,9400,12000,22000,35000,66000,66000,66000,596,1,1400,3834.344097,200.441709,66153.56375,17.16610738
1645660875,15,,Aggregated,2.2,0,1400,3700,4800,5500,9400,12000,22000,35000,66000,66000,66000,598,1,1400,3828.024787,200.441709,66153.56375,17.16555184
1645660876,15,,Aggregated,2.2,0,1400,3700,4800,5500,9400,12000,22000,35000,66000,66000,66000,598,1,1400,3828.024787,200.441709,66153.56375,17.16555184
1645660877,15,,Aggregated,3.5,0,1400,3700,4800,5500,9400,12000,22000,35000,66000,66000,66000,600,1,1400,3826.891608,200.441709,66153.56375,17.165
1645660878,15,,Aggregated,3.5,0,1500,3700,4800,5400,9400,12000,21000,33000,66000,66000,66000,608,1,1500,3821.243004,200.441709,66153.56375,17.16282895
1645660879,15,,Aggregated,2.9,0,1500,3700,4800,5400,9400,12000,21000,33000,66000,66000,66000,610,1,1500,3821.090927,200.441709,66153.56375,17.16229508
1645660880,15,,Aggregated,2.4,0,1500,3700,4800,5400,9300,12000,21000,33000,66000,66000,66000,614,1,1500,3820.277148,200.441709,66153.56375,17.16123779
1645660881,15,,Aggregated,3.1,0,1500,3700,4800,5400,9300,12000,21000,33000,66000,66000,66000,616,1,1500,3816.176513,200.441709,66153.56375,17.16071429
1645660882,15,,Aggregated,3.1,0,1500,3700,4800,5400,9300,12000,21000,33000,66000,66000,66000,616,1,1500,3816.176513,200.441709,66153.56375,17.16071429
1645660883,15,,Aggregated,3.1,0,1500,3700,4800,5400,9300,12000,21000,33000,66000,66000,66000,616,1,1500,3816.176513,200.441709,66153.56375,17.16071429
1645660884,15,,Aggregated,3.1,0,1500,3700,4800,5400,9300,12000,21000,33000,66000,66000,66000,616,1,1500,3816.176513,200.441709,66153.56375,17.16071429
1645660885,15,,Aggregated,3.3,0,1500,3700,4800,5400,9300,12000,21000,33000,66000,66000,66000,617,1,1500,3819.85055,200.441709,66153.56375,17.16045381
1645660887,15,,Aggregated,3.3,0,1500,3700,4800,5400,9300,12000,21000,33000,66000,66000,66000,617,1,1500,3819.85055,200.441709,66153.56375,17.16045381
1645660888,15,,Aggregated,3.3,0,1500,3700,4800,5400,9300,12000,21000,33000,66000,66000,66000,617,1,1500,3819.85055,200.441709,66153.56375,17.16045381
1645660889,15,,Aggregated,3.3,0,1500,3700,4800,5400,9300,12000,21000,33000,66000,66000,66000,617,1,1500,3819.85055,200.441709,66153.56375,17.16045381
1645660890,15,,Aggregated,3.3,0,1500,3700,4800,5400,9300,12000,21000,33000,66000,66000,66000,617,1,1500,3819.85055,200.441709,66153.56375,17.16045381
1645660891,15,,Aggregated,1.7,0,1600,3900,4900,5600,9700,12000,21000,33000,66000,66000,66000,630,1,1500,3937.270773,200.441709,66153.56375,17.15714286
1645660892,15,,Aggregated,0.9,0,1600,3900,4900,5600,9700,12000,21000,33000,66000,66000,66000,631,1,1600,3946.489214,200.441709,66153.56375,17.15689382
1645660893,15,,Aggregated,0.7,0,1600,4000,5000,5700,9700,12000,21000,33000,66000,66000,66000,632,1,1600,3955.615131,200.441709,66153.56375,17.15664557
1645660894,15,,Aggregated,1.6,0,1600,3900,4900,5700,9700,12000,21000,33000,66000,66000,66000,633,1,1600,3954.012025,200.441709,66153.56375,17.1563981
1645660895,15,,Aggregated,1.5,0,1600,3900,4900,5600,9700,12000,21000,33000,66000,66000,66000,639,1,1600,3948.974331,200.441709,66153.56375,17.15492958
1645660896,15,,Aggregated,1.6,0,1700,3900,4900,5500,9700,12000,21000,33000,66000,66000,66000,648,1,1700,3935.466173,200.441709,66153.56375,17.15277778
1645660897,15,,Aggregated,2.3,0,1600,3900,4900,5500,9700,12000,19000,33000,66000,66000,66000,657,1,1600,3897.217342,200.441709,66153.56375,17.15068493
1645660898,15,,Aggregated,2.3,0,1500,3800,4800,5500,9600,12000,19000,33000,66000,66000,66000,666,1,1500,3853.933373,200.441709,66153.56375,17.14864865
1645660899,15,,Aggregated,3.1,0,1500,3800,4800,5500,9500,12000,19000,33000,66000,66000,66000,674,1,1500,3815.83203,200.441709,66153.56375,17.14688427
1645660900,15,,Aggregated,3.9,0,1500,3800,4800,5400,9500,12000,19000,33000,66000,66000,66000,679,1,1500,3793.756286,200.441709,66153.56375,17.14580265
1645660901,15,,Aggregated,5.7,0,1500,3700,4700,5400,9400,12000,19000,33000,66000,66000,66000,689,1,1500,3756.522311,200.441709,66153.56375,17.1436865
1645660902,15,,Aggregated,6.2,0,1400,3600,4700,5400,9400,12000,19000,33000,66000,66000,66000,698,1,1400,3717.852604,200.441709,66153.56375,17.14183381
1645660903,15,,Aggregated,6.2,0,1400,3600,4700,5400,9400,12000,19000,28000,66000,66000,66000,705,1,1400,3687.296558,200.441709,66153.56375,17.14042553
1645660904,15,,Aggregated,6.2,0,1400,3600,4700,5400,9400,12000,19000,28000,66000,66000,66000,705,1,1400,3687.296558,200.441709,66153.56375,17.14042553
1645660905,15,,Aggregated,6.2,0,1400,3600,4700,5400,9400,12000,19000,28000,66000,66000,66000,705,1,1400,3687.296558,200.441709,66153.56375,17.14042553
1645660906,15,,Aggregated,6.2,0,1400,3600,4700,5400,9400,12000,19000,28000,66000,66000,66000,705,1,1400,3687.296558,200.441709,66153.56375,17.14042553
1645660907,15,,Aggregated,6.2,0,1400,3600,4700,5400,9400,12000,19000,28000,66000,66000,66000,705,1,1400,3687.296558,200.441709,66153.56375,17.14042553
1645660908,15,,Aggregated,6.2,0,1400,3600,4700,5400,9400,12000,19000,28000,66000,66000,66000,705,1,1400,3687.296558,200.441709,66153.56375,17.14042553
1645660909,15,,Aggregated,6.2,0,1400,3600,4700,5400,9400,12000,19000,28000,66000,66000,66000,705,1,1400,3687.296558,200.441709,66153.56375,17.14042553
1645660910,15,,Aggregated,6.2,0,1400,3600,4700,5400,9400,12000,19000,28000,66000,66000,66000,705,1,1400,3687.296558,200.441709,66153.56375,17.14042553
1645660911,15,,Aggregated,6.2,0,1400,3600,4700,5400,9400,12000,19000,28000,66000,66000,66000,705,1,1400,3687.296558,200.441709,66153.56375,17.14042553
1645660912,15,,Aggregated,6.2,0,1400,3600,4700,5400,9400,12000,19000,28000,66000,66000,66000,705,1,1400,3687.296558,200.441709,66153.56375,17.14042553
1645660913,15,,Aggregated,2.6,0,1500,3800,4900,5600,9500,12000,19000,28000,66000,66000,66000,720,1,1400,3802.371227,200.441709,66153.56375,17.1375
1645660914,15,,Aggregated,2.6,0,1500,3800,4900,5600,9500,12000,19000,28000,66000,66000,66000,720,1,1400,3802.371227,200.441709,66153.56375,17.1375
1645660915,15,,Aggregated,2.6,0,1500,3800,4900,5600,9500,12000,19000,28000,66000,66000,66000,720,1,1400,3802.371227,200.441709,66153.56375,17.1375
1645660916,15,,Aggregated,2.6,0,1500,3800,4900,5600,9500,12000,19000,28000,66000,66000,66000,720,1,1400,3802.371227,200.441709,66153.56375,17.1375
1645660917,15,,Aggregated,1.5,0,1500,3800,4800,5500,9500,11000,19000,28000,66000,66000,66000,725,1,1500,3801.291961,200.441709,66153.56375,17.13655172
1645660918,15,,Aggregated,1.5,0,1500,3800,4800,5500,9400,11000,19000,28000,66000,66000,66000,731,1,1500,3804.705093,200.441709,66153.56375,17.13543092
1645660919,15,,Aggregated,1.9,0,1500,3900,4800,5600,9400,11000,19000,28000,66000,66000,66000,734,1,1500,3812.519431,200.441709,66153.56375,17.13487738
1645660920,15,,Aggregated,2.6,0,1500,3900,4900,5600,9400,11000,19000,28000,66000,66000,66000,736,1,1500,3813.604352,200.441709,66153.56375,17.13451087
1645660921,15,,Aggregated,2.6,0,1500,3800,4800,5600,9400,11000,19000,28000,66000,66000,66000,740,1,1500,3807.610377,200.441709,66153.56375,17.13378378
1645660922,15,,Aggregated,2.6,0,1500,3800,4800,5600,9400,11000,19000,28000,66000,66000,66000,740,1,1500,3807.610377,200.441709,66153.56375,17.13378378
1645660923,15,,Aggregated,2.6,0,1500,3800,4800,5600,9400,11000,19000,28000,66000,66000,66000,740,1,1500,3807.610377,200.441709,66153.56375,17.13378378
1645660924,15,,Aggregated,2.6,0,1500,3800,4800,5600,9400,11000,19000,28000,66000,66000,66000,740,1,1500,3807.610377,200.441709,66153.56375,17.13378378
1645660925,15,,Aggregated,2.6,0,1500,3800,4800,5600,9400,11000,19000,28000,66000,66000,66000,740,1,1500,3807.610377,200.441709,66153.56375,17.13378378
1645660926,15,,Aggregated,2.6,0,1500,3800,4800,5600,9400,11000,19000,28000,66000,66000,66000,740,1,1500,3807.610377,200.441709,66153.56375,17.13378378
1645660927,15,,Aggregated,2.6,0,1500,3800,4800,5600,9400,11000,19000,28000,66000,66000,66000,740,1,1500,3807.610377,200.441709,66153.56375,17.13378378
1645660928,15,,Aggregated,2,0,1600,4000,5000,6000,9500,11000,19000,28000,66000,66000,66000,755,1,1600,3895.56732,200.441709,66153.56375,17.13112583
1645660929,15,,Aggregated,2,0,1600,4000,5000,6000,9500,11000,19000,28000,66000,66000,66000,755,1,1600,3895.56732,200.441709,66153.56375,17.13112583
1645660930,15,,Aggregated,2,0,1600,4000,5000,6000,9500,11000,19000,28000,66000,66000,66000,755,1,1600,3895.56732,200.441709,66153.56375,17.13112583
1645660931,15,,Aggregated,2,0,1600,4000,5000,6000,9500,11000,19000,28000,66000,66000,66000,755,1,1600,3895.56732,200.441709,66153.56375,17.13112583
1645660932,15,,Aggregated,2,0,1600,4000,5000,6000,9500,11000,19000,28000,66000,66000,66000,755,1,1600,3895.56732,200.441709,66153.56375,17.13112583
1645660933,15,,Aggregated,1.5,0,1700,4000,5000,6000,9500,11000,19000,28000,66000,66000,66000,759,1,1700,3895.331326,200.441709,66153.56375,17.13043478
1645660934,15,,Aggregated,1.5,0,1800,4000,5000,5900,9500,11000,19000,28000,66000,66000,66000,768,1,1800,3902.043925,200.441709,66153.56375,17.12890625
1645660935,15,,Aggregated,1.5,0,1800,4000,5000,5900,9500,11000,19000,28000,66000,66000,66000,768,1,1800,3902.043925,200.441709,66153.56375,17.12890625
1645660936,15,,Aggregated,1.6,0,1800,4000,5000,6000,9500,11000,19000,28000,66000,66000,66000,770,1,1800,3908.942854,200.441709,66153.56375,17.12857143
1645660937,15,,Aggregated,1.6,0,1800,4000,5000,6000,9500,11000,19000,28000,66000,66000,66000,770,1,1800,3908.942854,200.441709,66153.56375,17.12857143
1645660938,15,,Aggregated,1.6,0,1800,4000,5000,6000,9500,11000,19000,28000,66000,66000,66000,770,1,1800,3908.942854,200.441709,66153.56375,17.12857143
1645660939,15,,Aggregated,3,0,1900,4100,5000,5900,9500,11000,19000,28000,66000,66000,66000,775,1,1900,3914.2224,200.441709,66153.56375,17.12774194
1645660940,15,,Aggregated,3,0,1900,4200,5000,5800,9400,11000,19000,28000,66000,66000,66000,782,1,1900,3918.22639,200.441709,66153.56375,17.12659847
1645660941,15,,Aggregated,1.7,0,1900,4200,5000,5800,9400,11000,19000,28000,66000,66000,66000,787,1,1900,3918.734166,200.441709,66153.56375,17.12579416
1645660942,15,,Aggregated,1.7,0,1900,4200,5000,5800,9400,11000,19000,28000,66000,66000,66000,789,1,1900,3912.455464,200.441709,66153.56375,17.12547529
1645660943,15,,Aggregated,1.7,0,1900,4200,5000,5800,9400,11000,19000,28000,66000,66000,66000,789,1,1900,3912.455464,200.441709,66153.56375,17.12547529
1645660944,15,,Aggregated,1.7,0,1900,4200,5000,5800,9400,11000,19000,28000,66000,66000,66000,789,1,1900,3912.455464,200.441709,66153.56375,17.12547529
1645660945,15,,Aggregated,1.7,0,1900,4200,5000,5800,9400,11000,19000,28000,66000,66000,66000,789,1,1900,3912.455464,200.441709,66153.56375,17.12547529
1645660946,15,,Aggregated,3.3,0,1900,4200,5000,5800,9400,11000,19000,28000,66000,66000,66000,790,1,1900,3914.249199,200.441709,66153.56375,17.12531646
1645660947,15,,Aggregated,2.1,0,2000,4200,5100,5900,9400,11000,19000,28000,66000,66000,66000,797,1,2000,3934.513958,200.441709,66153.56375,17.12421581
1645660948,15,,Aggregated,2,0,2000,4300,5300,6000,9400,11000,19000,27000,66000,66000,66000,803,1,2000,3951.810994,200.441709,66153.56375,17.12328767
1645660949,15,,Aggregated,2.3,0,2000,4200,5200,6000,9400,11000,19000,27000,66000,66000,66000,813,1,2000,3921.176498,200.441709,66153.56375,17.12177122
1645660950,15,,Aggregated,2.9,0,1900,4200,5200,5900,9400,11000,19000,27000,66000,66000,66000,821,1,1900,3891.259549,200.441709,66153.56375,17.12058465
1645660951,15,,Aggregated,3.7,0,1800,4200,5100,5900,9400,11000,19000,27000,66000,66000,66000,829,1,1800,3861.236886,200.441709,66153.56375,17.11942099
1645660952,15,,Aggregated,3.6,0,1700,4200,5000,5800,9400,11000,19000,27000,66000,66000,66000,839,1,1700,3822.309959,200.441709,66153.56375,17.11799762
1645660953,15,,Aggregated,3.9,0,1600,4100,5000,5800,9300,11000,19000,27000,66000,66000,66000,850,1,1600,3780.106731,200.441709,66153.56375,17.11647059
1645660954,15,,Aggregated,4.6,0,1600,4000,5000,5800,9300,11000,18000,27000,66000,66000,66000,857,1,1600,3753.014736,200.441709,66153.56375,17.11551925
1645660955,15,,Aggregated,5.7,0,1500,4000,4900,5700,9300,11000,18000,27000,66000,66000,66000,870,1,1500,3706.560813,200.441709,66153.56375,17.1137931
1645660956,15,,Aggregated,6.5,0,1500,4000,4900,5700,9300,11000,18000,27000,66000,66000,66000,875,1,1500,3688.340079,200.441709,66153.56375,17.11314286
1645660957,15,,Aggregated,7.5,0,1500,3900,4900,5600,9300,11000,18000,27000,66000,66000,66000,885,1,1500,3658.918552,200.441709,66153.56375,17.11186441
1645660958,15,,Aggregated,8.2,0,1400,3900,4900,5600,9200,11000,18000,27000,66000,66000,66000,893,1,1400,3630.692865,200.441709,66153.56375,17.11086226
1645660959,15,,Aggregated,8.4,0,1400,3900,4900,5600,9200,11000,18000,27000,66000,66000,66000,895,1,1400,3623.945473,200.441709,66153.56375,17.11061453
1645660960,15,,Aggregated,9.2,0,1400,3800,4800,5500,9200,11000,16000,26000,66000,66000,66000,907,1,1400,3597.768589,200.441709,66153.56375,17.10915105
1645660961,15,,Aggregated,8.5,0,1400,3800,4800,5500,9100,11000,16000,26000,66000,66000,66000,911,1,1400,3585.141997,200.441709,66153.56375,17.10867179
1645660962,15,,Aggregated,8.1,0,1400,3800,4800,5500,9100,11000,16000,26000,66000,66000,66000,913,1,1400,3578.997345,200.441709,66153.56375,17.10843373
1645660963,15,,Aggregated,8.5,0,1400,3800,4800,5500,9100,11000,16000,26000,66000,66000,66000,916,1,1400,3572.502889,200.441709,66153.56375,17.1080786
1645660964,15,,Aggregated,7.7,0,1500,3700,4800,5400,9100,11000,16000,26000,66000,66000,66000,930,1,1400,3544.325438,200.441709,66153.56375,17.10645161
1645660965,15,,Aggregated,6.9,0,1400,3700,4800,5400,9100,11000,16000,26000,66000,66000,66000,931,1,1400,3541.280106,200.441709,66153.56375,17.10633727
1645660966,15,,Aggregated,6.9,0,1400,3700,4800,5400,9100,11000,16000,26000,66000,66000,66000,931,1,1400,3541.280106,200.441709,66153.56375,17.10633727
1645660967,15,,Aggregated,6.6,0,1500,3700,4800,5400,9100,11000,16000,26000,66000,66000,66000,934,1,1500,3538.895844,200.441709,66153.56375,17.10599572
1645660968,15,,Aggregated,6.6,0,1500,3700,4700,5400,9000,11000,16000,26000,66000,66000,66000,946,1,1500,3529.31588,200.441709,66153.56375,17.10465116
1645660969,15,,Aggregated,6.6,0,1500,3700,4700,5400,9000,11000,16000,26000,66000,66000,66000,946,1,1500,3529.31588,200.441709,66153.56375,17.10465116
1645660970,15,,Aggregated,6.6,0,1500,3700,4700,5400,9000,11000,16000,26000,66000,66000,66000,946,1,1500,3529.31588,200.441709,66153.56375,17.10465116
1645660971,15,,Aggregated,5.2,0,1500,3600,4700,5400,9000,11000,16000,26000,66000,66000,66000,954,1,1500,3524.021496,200.441709,66153.56375,17.10377358
1645660972,15,,Aggregated,5.2,0,1500,3600,4700,5300,9000,11000,16000,26000,66000,66000,66000,961,1,1500,3521.453005,200.441709,66153.56375,17.10301769
1645660973,15,,Aggregated,5.2,0,1500,3600,4700,5300,9000,11000,16000,26000,66000,66000,66000,961,1,1500,3521.453005,200.441709,66153.56375,17.10301769
1645660974,15,,Aggregated,5.2,0,1500,3600,4700,5300,9000,11000,16000,26000,66000,66000,66000,961,1,1500,3521.453005,200.441709,66153.56375,17.10301769
1645660975,15,,Aggregated,5.2,0,1500,3600,4700,5300,9000,11000,16000,26000,66000,66000,66000,961,1,1500,3521.453005,200.441709,66153.56375,17.10301769
1645660976,15,,Aggregated,3.3,0,1600,3600,4700,5300,9000,11000,16000,26000,66000,66000,66000,976,1,1600,3519.078999,200.441709,66153.56375,17.10143443
1645660977,15,,Aggregated,3.3,0,1600,3600,4700,5300,9000,11000,16000,26000,66000,66000,66000,977,1,1600,3515.807043,200.441709,66153.56375,17.1013306
1645660978,15,,Aggregated,3.7,0,1600,3500,4700,5300,9000,11000,16000,26000,66000,66000,66000,983,1,1600,3501.397705,200.441709,66153.56375,17.10071211
1645660979,15,,Aggregated,4.6,0,1600,3500,4600,5300,9000,11000,16000,26000,66000,66000,66000,992,1,1600,3484.259317,200.441709,66153.56375,17.09979839
1645660980,15,,Aggregated,3.3,0,1600,3500,4600,5300,8900,10000,15000,25000,59000,66000,66000,1001,1,1600,3461.966281,200.441709,66153.56375,17.0989011
1645660981,15,,Aggregated,3.3,0,1600,3500,4600,5300,8900,10000,15000,25000,59000,66000,66000,1001,1,1600,3461.966281,200.441709,66153.56375,17.0989011
1645660982,15,,Aggregated,3.3,0,1600,3500,4600,5300,8900,10000,15000,25000,59000,66000,66000,1001,1,1600,3461.966281,200.441709,66153.56375,17.0989011
1645660983,15,,Aggregated,5.5,0,1600,3500,4600,5300,8900,10000,15000,25000,59000,66000,66000,1009,1,1600,3455.0385,200.441709,66153.56375,17.09811695
1645660984,15,,Aggregated,4,0,1600,3400,4500,5200,8800,10000,15000,25000,59000,66000,66000,1017,1,1600,3448.993492,200.441709,66153.56375,17.09734513
1645660985,15,,Aggregated,4.5,0,1600,3300,4500,5200,8800,10000,15000,25000,59000,66000,66000,1027,1,1600,3423.38569,200.441709,66153.56375,17.09639727
1645660986,15,,Aggregated,5.1,0,1600,3300,4500,5100,8700,10000,15000,25000,59000,66000,66000,1036,1,1500,3399.046552,200.441709,66153.56375,17.09555985
1645660987,15,,Aggregated,6,0,1500,3300,4400,5100,8700,10000,15000,25000,59000,66000,66000,1045,1,1500,3375.118783,200.441709,66153.56375,17.09473684
1645660988,15,,Aggregated,6.2,0,1500,3200,4400,5000,8700,10000,15000,25000,59000,66000,66000,1054,1,1500,3352.084938,200.441709,66153.56375,17.09392789
1645660989,15,,Aggregated,6.3,0,1500,3200,4400,5000,8500,10000,15000,25000,59000,66000,66000,1063,1,1500,3329.207234,200.441709,66153.56375,17.09313264
1645660990,15,,Aggregated,7,0,1400,3200,4400,5000,8500,10000,15000,25000,59000,66000,66000,1072,1,1400,3306.31852,200.441709,66153.56375,17.09235075
1645660991,15,,Aggregated,7.1,0,1400,3200,4400,5000,8500,10000,15000,25000,59000,66000,66000,1079,1,1400,3289.437857,200.441709,66153.56375,17.09175162
1645660992,15,,Aggregated,7.1,0,1400,3200,4400,5000,8500,10000,15000,25000,59000,66000,66000,1080,1,1400,3287.490049,200.441709,66153.56375,17.09166667
1645660993,15,,Aggregated,7.1,0,1400,3200,4400,5000,8500,10000,15000,25000,59000,66000,66000,1080,1,1400,3287.490049,200.441709,66153.56375,17.09166667
1645660994,15,,Aggregated,7.9,0,1400,3200,4300,5000,8500,10000,15000,25000,59000,66000,66000,1084,1,1400,3286.869724,200.441709,66153.56375,17.09132841
1645660995,15,,Aggregated,7.4,0,1500,3200,4300,4900,8400,10000,15000,25000,59000,66000,66000,1094,1,1500,3287.321034,200.441709,66153.56375,17.0904936
1645660996,15,,Aggregated,6.9,0,1500,3200,4300,4900,8400,10000,15000,25000,59000,66000,66000,1099,1,1500,3279.352864,200.441709,66153.56375,17.09008189
1645660997,15,,Aggregated,6.7,0,1500,3200,4200,4900,8200,10000,14000,22000,59000,66000,66000,1102,1,1400,3274.284045,200.441709,66153.56375,17.08983666
1645660998,15,,Aggregated,6.4,0,1500,3200,4200,4900,8200,10000,14000,22000,59000,66000,66000,1114,1,1400,3254.567912,200.441709,66153.56375,17.08886894
1645660999,15,,Aggregated,5.9,0,1400,3200,4200,4900,8200,10000,14000,22000,59000,66000,66000,1117,1,1400,3247.898122,200.441709,66153.56375,17.08863026
1645661000,15,,Aggregated,5.8,0,1400,3200,4200,4900,8200,10000,14000,22000,59000,66000,66000,1119,1,1400,3244.25829,200.441709,66153.56375,17.08847185
1645661001,15,,Aggregated,5.7,0,1400,3200,4200,4900,8200,10000,14000,22000,59000,66000,66000,1123,1,1400,3241.721301,200.441709,66153.56375,17.08815672
1645661002,15,,Aggregated,5.1,0,1500,3100,4200,4800,8200,10000,14000,22000,59000,66000,66000,1126,1,1500,3240.326876,200.441709,66153.56375,17.08792185
1645661003,15,,Aggregated,4.3,0,1500,3200,4200,4800,8200,10000,14000,22000,59000,66000,66000,1128,1,1500,3241.182547,200.441709,66153.56375,17.08776596
1645661004,15,,Aggregated,4.4,0,1500,3200,4200,4800,8200,10000,14000,22000,59000,66000,66000,1130,1,1500,3242.951283,200.441709,66153.56375,17.08761062
1645661005,15,,Aggregated,4.6,0,1500,3200,4200,4900,8200,10000,14000,22000,59000,66000,66000,1133,1,1500,3248.75309,200.441709,66153.56375,17.08737864
1645661006,15,,Aggregated,4.8,0,1500,3200,4200,4900,8200,10000,14000,22000,59000,66000,66000,1134,1,1500,3250.633044,200.441709,66153.56375,17.08730159
1645661007,15,,Aggregated,4.8,0,1500,3200,4200,4900,8200,10000,14000,22000,59000,66000,66000,1134,1,1500,3250.633044,200.441709,66153.56375,17.08730159
1645661008,15,,Aggregated,3.9,0,1500,3200,4300,4900,8200,10000,14000,22000,59000,66000,66000,1139,1,1500,3262.506252,200.441709,66153.56375,17.08691835
1645661009,15,,Aggregated,3.5,0,1500,3200,4300,4900,8200,10000,14000,22000,59000,66000,66000,1148,1,1500,3264.620667,200.441709,66153.56375,17.08623693
1645661010,15,,Aggregated,2.7,0,1500,3200,4300,4900,8100,10000,14000,22000,59000,66000,66000,1152,1,1500,3262.250988,200.441709,66153.56375,17.0859375
1645661011,15,,Aggregated,2.7,0,1500,3200,4300,4900,8100,10000,14000,22000,59000,66000,66000,1155,1,1500,3258.100782,200.441709,66153.56375,17.08571429
1645661012,15,,Aggregated,3.2,0,1500,3200,4200,4900,8100,10000,14000,22000,59000,66000,66000,1163,1,1500,3249.895345,200.441709,66153.56375,17.08512468
1645661013,15,,Aggregated,3.3,0,1500,3200,4200,4900,8000,10000,14000,22000,59000,66000,66000,1171,1,1500,3238.361857,200.441709,66153.56375,17.08454313
1645661014,15,,Aggregated,3.1,0,1500,3200,4200,4900,8000,10000,14000,22000,59000,66000,66000,1173,1,1500,3234.461431,200.441709,66153.56375,17.08439898
1645661015,15,,Aggregated,3.1,0,1500,3200,4200,4900,8000,10000,14000,22000,59000,66000,66000,1173,1,1500,3234.461431,200.441709,66153.56375,17.08439898
1645661016,15,,Aggregated,3.1,0,1500,3200,4200,4900,8000,10000,14000,22000,59000,66000,66000,1173,1,1500,3234.461431,200.441709,66153.56375,17.08439898
1645661017,15,,Aggregated,4.3,0,1600,3200,4200,4800,8000,10000,14000,22000,59000,66000,66000,1185,1,1600,3236.024385,200.441709,66153.56375,17.0835443
1645661018,15,,Aggregated,4,0,1600,3200,4200,4800,8000,10000,14000,22000,59000,66000,66000,1188,1,1600,3235.445479,200.441709,66153.56375,17.08333333
1645661019,15,,Aggregated,4,0,1600,3200,4200,4800,8000,10000,14000,22000,59000,66000,66000,1188,1,1600,3235.445479,200.441709,66153.56375,17.08333333
1645661020,15,,Aggregated,4,0,1600,3200,4200,4800,8000,10000,14000,22000,59000,66000,66000,1188,1,1600,3235.445479,200.441709,66153.56375,17.08333333
1645661021,15,,Aggregated,4.6,0,1600,3200,4200,4800,8000,10000,14000,22000,59000,66000,66000,1193,1,1600,3235.536433,200.441709,66153.56375,17.08298407
1645661022,15,,Aggregated,3.8,0,1600,3200,4200,4800,7900,10000,13000,21000,59000,66000,66000,1202,1,1600,3239.987731,200.441709,66153.56375,17.08236273
1645661023,15,,Aggregated,3.6,0,1600,3200,4200,4800,7900,10000,13000,21000,59000,66000,66000,1210,1,1600,3225.568755,200.441709,66153.56375,17.08181818
1645661024,15,,Aggregated,3.9,0,1600,3200,4100,4800,7900,10000,13000,21000,59000,66000,66000,1219,1,1600,3207.411029,200.441709,66153.56375,17.08121411
1645661025,15,,Aggregated,3.8,0,1500,3200,4100,4800,7900,10000,13000,21000,59000,66000,66000,1229,1,1500,3186.69,200.441709,66153.56375,17.0805533
1645661026,15,,Aggregated,4,0,1500,3200,4000,4700,7900,10000,13000,21000,59000,66000,66000,1238,1,1500,3168.526322,200.441709,66153.56375,17.07996769
1645661027,15,,Aggregated,4.8,0,1500,3200,4000,4700,7900,9900,13000,21000,59000,66000,66000,1246,1,1500,3152.448032,200.441709,66153.56375,17.07945425
1645661028,15,,Aggregated,5.7,0,1500,3100,4000,4700,7700,9900,13000,21000,59000,66000,66000,1260,1,1500,3121.650325,200.441709,66153.56375,17.07857143
1645661029,15,,Aggregated,6.6,0,1400,3100,4000,4700,7300,9900,13000,21000,59000,66000,66000,1265,1,1400,3110.844805,200.441709,66153.56375,17.07826087
1645661030,15,,Aggregated,6.2,0,1400,3100,3900,4700,7200,9900,13000,21000,59000,66000,66000,1277,1,1400,3089.808147,200.441709,66153.56375,17.07752545
1645661031,15,,Aggregated,7.3,0,1400,3100,3900,4700,7100,9900,13000,21000,59000,66000,66000,1282,1,1400,3079.57504,200.441709,66153.56375,17.07722309
1645661032,15,,Aggregated,7.8,0,1400,3100,3900,4600,7000,9900,13000,21000,59000,66000,66000,1295,1,1400,3057.982038,200.441709,66153.56375,17.07644788
1645661033,15,,Aggregated,9.1,0,1400,3000,3900,4600,7000,9900,13000,21000,59000,66000,66000,1300,1,1400,3047.455267,198.543459,66153.56375,17.07615385
1645661034,15,,Aggregated,8.8,0,1300,3000,3900,4600,6800,9800,12000,19000,59000,66000,66000,1313,1,1300,3025.406646,198.543459,66153.56375,17.07539985
1645661035,15,,Aggregated,9.4,0,1300,3000,3800,4600,6800,9800,12000,19000,59000,66000,66000,1319,1,1300,3013.073403,198.543459,66153.56375,17.07505686
1645661036,15,,Aggregated,9,0,1300,3000,3800,4600,6700,9800,12000,19000,59000,66000,66000,1321,1,1300,3009.658568,198.543459,66153.56375,17.07494322
1645661037,15,,Aggregated,9.3,0,1300,3000,3800,4500,6700,9800,12000,19000,59000,66000,66000,1335,1,1300,2989.763886,198.543459,66153.56375,17.0741573
1645661038,15,,Aggregated,8.9,0,1300,3000,3800,4500,6700,9800,12000,19000,59000,66000,66000,1337,1,1300,2985.911628,198.543459,66153.56375,17.07404637
1645661039,15,,Aggregated,8.2,0,1300,2900,3800,4500,6700,9800,12000,19000,59000,66000,66000,1345,1,1300,2976.189325,198.543459,66153.56375,17.07360595
1645661040,15,,Aggregated,8.8,0,1300,2900,3800,4500,6700,9800,12000,19000,59000,66000,66000,1349,1,1300,2972.532206,198.543459,66153.56375,17.07338769
1645661041,15,,Aggregated,7.6,0,1300,2900,3800,4500,6600,9800,12000,19000,59000,66000,66000,1353,1,1300,2971.390084,198.543459,66153.56375,17.07317073
1645661042,15,,Aggregated,7.6,0,1300,2900,3800,4500,6600,9800,12000,19000,59000,66000,66000,1353,1,1300,2971.390084,198.543459,66153.56375,17.07317073
1645661043,15,,Aggregated,7,0,1300,2900,3800,4500,6600,9800,12000,19000,59000,66000,66000,1357,1,1300,2971.696963,198.543459,66153.56375,17.07295505
1645661044,15,,Aggregated,7.1,0,1300,2900,3700,4500,6600,9800,12000,19000,59000,66000,66000,1367,1,1300,2967.254884,198.543459,66153.56375,17.07242136
1645661045,15,,Aggregated,5.6,0,1300,2900,3700,4400,6600,9800,12000,19000,59000,66000,66000,1374,1,1300,2961.321826,198.543459,66153.56375,17.0720524
1645661046,15,,Aggregated,5.5,0,1300,2900,3700,4400,6600,9700,12000,19000,59000,66000,66000,1384,1,1300,2945.365006,198.543459,66153.56375,17.07153179
1645661047,15,,Aggregated,5.3,0,1300,2900,3700,4400,6600,9700,12000,19000,59000,66000,66000,1394,1,1300,2928.773608,198.543459,66153.56375,17.07101865
1645661049,15,,Aggregated,5.6,0,1300,2900,3700,4400,6600,9700,12000,19000,59000,66000,66000,1400,1,1300,2919.368322,198.543459,66153.56375,17.07071429
1645661050,15,,Aggregated,6.3,0,1300,2900,3700,4400,6500,9700,12000,19000,59000,66000,66000,1406,1,1300,2911.983186,198.543459,66153.56375,17.07041252
1645661051,15,,Aggregated,5.8,0,1300,2800,3700,4400,6500,9700,12000,19000,59000,66000,66000,1416,1,1300,2898.92774,198.543459,66153.56375,17.06991525
1645661052,15,,Aggregated,6.3,0,1300,2800,3600,4400,6500,9700,12000,19000,59000,66000,66000,1422,1,1300,2889.191176,198.543459,66153.56375,17.06962025
1645661053,15,,Aggregated,6.1,0,1300,2800,3600,4400,6500,9700,12000,19000,59000,66000,66000,1423,1,1300,2887.704447,198.543459,66153.56375,17.06957133